county,class,1984,1986,1988,1990,1992,1994,1996,1998,2000,2002,2004,2006,2008,2010,2012,2014,2016
Alameda, Prime Farmland,"9,809","9,195","8,723","8,485","8,107","7,976","7,551","7,560","6,926","6,328","5,383","4,724","3,958","3,953","3,690","3,433","3,392"
Alameda, Farmland of Statewide Importance,"1,870","1,862","1,831","1,823","1,777","1,754","1,516","1,358","1,532","1,485","1,505","1,390","1,290","1,228","1,129","1,109","1,127"
Alameda, Unique Farmland,"1,190","1,339","1,434","1,437","1,459","1,435","1,402","1,599","1,888","2,100","2,377","2,323","2,441","2,383","2,380","2,259","2,153"
Alameda, Farmland of Local Importance,0,0,0,0,0,0,0,0,0,0,0,0,0,0,0,0,0
Alameda,Important Farmland Subtotal,"12,869","12,396","11,988","11,745","11,343","11,165","10,469","10,517","10,346","9,913","9,265","8,437","7,689","7,564","7,199","6,801","6,672"
Alameda, Grazing Land ,"257,238","256,838","255,306","254,826","252,215","251,712","250,276","248,354","247,218","245,728","244,975","244,948","244,252","244,033","243,518","241,169","240,986"
Alameda,Agricultural Land Subtotal,"270,107","269,234","267,294","266,571","263,558","262,877","260,745","258,871","257,564","255,641","254,240","253,385","251,941","251,597","250,717","247,970","247,658"
Alameda, Urban and Built-Up Land,"126,841","128,026","131,717","133,028","135,130","135,596","138,060","139,998","141,549","143,598","144,326","145,431","146,075","146,265","146,978","147,888","148,101"
Alameda, Other Land,"75,615","75,303","73,551","72,963","73,875","74,090","73,758","73,940","73,706","73,580","73,027","72,776","73,522","73,596","73,763","75,496","76,342"
Alameda, Water Area ,"52,776","52,775","52,775","52,775","52,775","52,775","52,775","52,528","52,519","52,519","53,743","53,743","53,799","53,881","53,881","53,979","53,234"
Alameda,Total Area Inventoried ,"525,339","525,338","525,337","525,337","525,338","525,338","525,338","525,337","525,338","525,338","525,336","525,335","525,337","525,339","525,339","525,333","525,335"
Amador, Prime Farmland,"3,623","3,533","3,610","3,664","3,664","3,629","3,578","3,765","3,872","3,828","3,831","3,609","3,541","3,210","3,200","2,979","2,822"
Amador, Farmland of Statewide Importance,"1,509","1,509","1,530","1,540","1,540","1,510","1,510","1,739","1,849","1,814","1,849","1,716","1,573","1,421","1,424","1,447","1,419"
Amador, Unique Farmland,"2,297","2,386","2,512","2,735","2,735","2,698","2,752","2,773","3,054","3,189","3,755","3,598","3,678","3,337","3,311","3,438","3,397"
Amador, Farmland of Local Importance,"3,954","3,954","3,897","3,827","3,827","3,738","3,738","2,957","2,789","2,251","1,255","1,272","1,485","1,864","1,899","2,232","2,299"
Amador,Important Farmland Subtotal,"11,383","11,382","11,549","11,766","11,766","11,575","11,578","11,234","11,564","11,082","10,690","10,195","10,277","9,832","9,834","10,096","9,937"
Amador, Grazing Land ,"193,236","193,112","192,619","191,809","191,714","191,445","191,371","191,370","190,793","191,039","188,218","188,569","188,115","188,432","188,398","188,071","188,115"
Amador,Agricultural Land Subtotal,"204,619","204,494","204,168","203,575","203,480","203,020","202,949","202,604","202,357","202,121","198,908","198,764","198,392","198,264","198,232","198,167","198,052"
Amador, Urban and Built-Up Land,"6,065","6,093","6,190","6,466","6,636","7,141","7,202","7,312","7,364","7,368","7,926","8,095","8,195","8,295","8,312","8,327","8,791"
Amador, Other Land,"84,518","84,613","84,796","85,112","85,038","84,993","85,003","85,136","85,330","85,562","88,215","88,192","88,463","88,491","88,506","88,557","88,275"
Amador, Water Area ,"5,173","5,173","5,221","5,221","5,221","5,221","5,221","5,323","5,323","5,323","5,323","5,323","5,323","5,323","5,323","5,323","5,253"
Amador,Total Area Inventoried,"300,375","300,373","300,375","300,374","300,375","300,375","300,375","300,375","300,374","300,374","300,372","300,374","300,373","300,373","300,373","300,374","300,371"
Butte, Prime Farmland,,,,,,,,,,,"197,557","196,217","194,689","193,289","192,643","192,293","192,561"
Butte, Farmland of Statewide Importance,,,,,,,,,,,"22,323","21,602","22,794","21,872","21,699","21,575","21,598"
Butte, Unique Farmland,,,,,,,,,,,"24,957","24,236","23,078","22,189","22,044","22,430","23,279"
Butte, Farmland of Local Importance ,,,,,,,,,,,0,0,0,0,0,0,0
Butte,Important Farmland Subtotal,,,,,,,,,,,"244,837","242,055","240,561","237,350","236,386","236,298","237,438"
Butte, Grazing Land ,,,,,,,,,,,"406,401","407,680","401,859","402,999","403,741","401,751","400,165"
Butte,Agricultural Land Subtotal,,,,,,,,,,,"651,238","649,735","642,420","640,349","640,127","638,049","637,603"
Butte, Urban and Built-Up Land,,,,,,,,,,,"43,820","44,804","45,350","45,913","46,030","46,329","46,647"
Butte, Other Land,,,,,,,,,,,"355,572","355,895","362,624","364,131","364,219","366,013","365,964"
Butte, Water Area,,,,,,,,,,,"22,624","22,818","22,858","22,859","22,876","22,873","23,050"
Butte,Total Area Inventoried,,,,,,,,,,,"1,073,254","1,073,252","1,073,252","1,073,252","1,073,252","1,073,264","1,073,264"
Colusa, Prime Farmland,,,,,,,,"201,910","202,231","201,346","201,642","200,183","197,497","196,320","196,830","196,404","199,521"
Colusa, Farmland of Statewide Importance,,,,,,,,"1,746","1,810","1,826","2,153","2,169","2,012","2,047","2,191","2,465","2,859"
Colusa, Unique Farmland,,,,,,,,"125,083","125,496","126,916","124,796","123,319","121,186","120,315","120,880","120,344","118,180"
Colusa, Farmland of Local Importance,,,,,,,,"239,966","236,353","234,186","232,759","232,919","235,023","236,014","234,952","229,883","226,528"
Colusa,Important Farmland Subtotal,,,,,,,,"568,705","565,890","564,274","561,350","558,590","555,718","554,696","554,853","549,096","547,088"
Colusa, Grazing Land ,,,,,,,,"7,684","7,526","9,408","9,151","9,031","9,111","9,160","9,151","13,861","15,835"
Colusa,Agricultural Land Subtotal,,,,,,,,"576,389","573,416","573,682","570,501","567,621","564,829","563,856","564,004","562,957","562,923"
Colusa, Urban and Built-Up Land,,,,,,,,"4,293","4,259","4,431","4,624","4,878","5,111","5,142","5,158","5,227","5,347"
Colusa, Other Land,,,,,,,,"157,872","160,878","160,439","163,429","165,984","168,542","169,484","169,320","170,290","170,204"
Colusa, Water Area,,,,,,,,"1,838","1,838","1,838","1,838","1,911","1,911","1,911","1,911","1,911","1,911"
Colusa,Total Area Inventoried,,,,,,,,"740,392","740,391","740,390","740,392","740,394","740,393","740,393","740,393","740,385","740,385"
Contra Costa, Prime Farmland,"41,181","42,834","43,047","42,722","42,479","41,851","41,073","39,587","37,229","33,731","32,024","29,937","26,789","26,484","25,601","25,502","26,332"
Contra Costa, Farmland of Statewide Importance,"15,586","15,282","15,157","14,651","14,385","14,070","13,936","12,242","11,706","9,733","8,547","8,092","7,555","7,422","7,347","7,436","7,733"
Contra Costa, Unique Farmland,"8,350","8,651","8,854","8,808","8,762","7,854","6,709","6,650","5,430","4,450","3,929","3,588","3,125","3,203","3,012","3,543","3,392"
Contra Costa, Farmland of Local Importance,"51,031","49,398","46,804","46,006","44,218","45,053","46,645","47,836","47,929","53,136","52,257","52,070","53,449","53,039","52,907","52,431","60,416"
Contra Costa,Important Farmland Subtotal,"116,148","116,165","113,862","112,187","109,844","108,828","108,363","106,315","102,294","101,050","96,757","93,687","90,918","90,148","88,867","88,912","97,873"
Contra Costa, Grazing Land ,"185,292","182,907","180,557","178,875","177,155","174,895","174,078","173,041","172,053","171,924","168,783","168,661","168,904","168,647","167,796","167,567","157,701"
Contra Costa,Agricultural Land Subtotal,"301,440","299,072","294,419","291,062","286,999","283,723","282,441","279,356","274,347","272,974","265,540","262,348","259,822","258,795","256,663","256,479","255,574"
Contra Costa, Urban and Built-Up Land,"118,990","121,499","126,017","129,343","133,125","134,783","136,248","137,517","142,357","142,454","147,442","148,965","151,336","151,965","152,556","153,122","152,117"
Contra Costa, Other Land,"39,408","41,445","41,550","41,581","41,862","43,641","43,469","43,895","44,076","45,351","47,801","49,463","49,098","49,497","51,039","50,665","51,891"
Contra Costa, Water Area,"54,183","52,003","52,034","52,034","52,034","51,874","51,863","53,252","53,240","53,240","53,240","53,239","53,764","53,764","53,763","53,754","54,435"
Contra Costa,Total Area Inventoried ,"514,021","514,019","514,020","514,020","514,020","514,021","514,021","514,020","514,020","514,019","514,023","514,015","514,020","514,021","514,021","514,020","514,017"
El Dorado, Prime Farmland,"1,062","1,097","1,185","1,185","1,185","1,195","1,211","1,200",989,950,887,780,771,661,645,596,608
El Dorado, Farmland of Statewide Importance,826,857,917,914,940,996,"1,054","1,043",909,930,926,843,921,827,835,813,804
El Dorado, Unique Farmland,"3,748","4,055","4,325","4,363","4,390","4,386","4,520","4,620","4,680","4,413","4,338","3,782","3,766","3,205","3,227","3,217","3,141"
El Dorado, Farmland of Local Importance,"72,313","71,961","71,667","71,602","81,610","81,954","81,469","81,283","61,714","61,215","60,530","60,439","59,648","59,565","59,411","59,381","59,281"
El Dorado,Important Farmland Subtotal,"77,949","77,970","78,094","78,064","88,125","88,531","88,254","88,146","68,292","67,508","66,681","65,844","65,106","64,258","64,118","64,007","63,834"
El Dorado, Grazing Land ,"200,664","199,623","197,964","195,365","186,196","186,126","185,418","185,283","203,798","201,738","196,900","195,958","194,778","193,883","193,794","193,679","195,201"
El Dorado,Agricultural Land Subtotal,"278,613","277,593","276,058","273,429","274,321","274,657","273,672","273,429","272,090","269,246","263,581","261,802","259,884","258,141","257,912","257,686","259,035"
El Dorado, Urban and Built-Up Land,"19,803","21,131","23,008","23,779","24,295","24,339","25,360","25,690","26,132","28,557","30,670","31,359","32,194","32,268","32,320","32,485","32,806"
El Dorado, Other Land,"231,051","230,756","230,413","232,272","230,863","230,515","230,479","230,404","231,361","231,780","235,332","236,426","237,507","239,020","239,197","239,267","237,594"
El Dorado, Water Area,"6,937","6,924","6,924","6,924","6,924","6,893","6,893","6,880","6,819","6,819","6,820","6,819","6,819","6,973","6,973","6,973","6,973"
El Dorado,Total Area Inventoried,"536,404","536,404","536,403","536,404","536,403","536,404","536,404","536,403","536,402","536,402","536,404","536,406","536,404","536,402","536,402","536,411","536,408"
Fresno, Prime Farmland,,,,,,,,,"734,052","731,936","722,584","713,085","693,174","685,410","683,925","678,103","675,722"
Fresno, Farmland of Statewide Importance,,,,,,,,,"491,569","490,266","483,786","478,729","439,020","415,688","411,483","404,083","397,134"
Fresno, Unique Farmland,,,,,,,,,"104,223","102,232","100,316","98,090","94,177","92,651","92,927","93,653","94,902"
Fresno, Farmland of Local Importance ,,,,,,,,,"70,691","74,357","84,857","95,534","149,907","176,522","179,654","191,341","191,782"
Fresno,Important Farmland Subtotal,,,,,,,,,"1,400,535","1,398,791","1,391,543","1,385,438","1,376,278","1,370,271","1,367,989","1,367,180","1,359,540"
Fresno, Grazing Land ,,,,,,,,,"835,870","835,123","834,254","827,114","826,953","825,752","825,548","825,276","822,697"
Fresno,Agricultural Land Subtotal,,,,,,,,,"2,236,405","2,233,914","2,225,797","2,212,552","2,203,231","2,196,023","2,193,537","2,192,456","2,182,237"
Fresno, Urban and Built-Up Land,,,,,,,,,"104,934","107,535","110,899","115,366","117,567","120,753","122,726","124,025","128,910"
Fresno, Other Land,,,,,,,,,"95,365","95,256","100,013","108,782","111,702","115,722","116,235","116,094","121,445"
Fresno, Water Area,,,,,,,,,"4,911","4,911","4,911","4,912","4,914","4,914","4,914","4,915","4,908"
Fresno,Total Area Inventoried,,,,,,,,,"2,441,615","2,441,616","2,441,620","2,441,612","2,437,414","2,437,412","2,437,412","2,437,490","2,437,500"
Glenn, Prime Farmland,"169,238","170,959","172,970","172,995","172,865","171,823","171,102","168,455","166,549","163,628","162,671","161,683","159,811","157,940","157,877","157,781","158,117"
Glenn, Farmland of Statewide Importance,"89,089","89,711","91,143","91,102","91,083","90,633","89,678","88,637","87,784","88,891","88,374","87,868","87,497","87,070","86,962","87,939","88,669"
Glenn, Unique Farmland,"9,903","10,155","11,969","12,354","12,228","11,621","11,698","11,075","11,608","16,539","16,591","17,470","17,306","17,301","17,358","17,625","18,030"
Glenn, Farmland of Local Importance,"143,850","142,043","136,761","133,483","133,750","135,331","136,421","139,989","141,965","77,613","78,717","80,290","83,544","85,838","85,388","83,687","82,836"
Glenn,Important Farmland Subtotal,"412,080","412,868","412,843","409,934","409,926","409,408","408,899","408,156","407,906","346,671","346,353","347,311","348,158","348,149","347,585","347,032","347,652"
Glenn, Grazing Land ,"174,130","173,494","174,102","176,519","176,312","176,103","176,204","176,297","176,072","232,411","231,716","229,191","227,391","226,836","226,776","227,118","227,081"
Glenn,Agricultural Land Subtotal,"586,210","586,362","586,945","586,453","586,238","585,511","585,103","584,453","583,978","579,082","578,069","576,502","575,549","574,985","574,361","574,150","574,733"
Glenn, Urban and Built-Up Land,"5,133","5,144","5,163","5,274","5,321","5,369","5,360","5,379","5,608","5,942","6,079","6,313","6,372","6,420","6,435","6,450","6,501"
Glenn, Other Land,"253,556","253,392","252,791","253,172","253,339","252,130","252,547","253,281","253,784","258,346","259,220","260,364","261,258","261,774","262,383","262,604","261,971"
Glenn, Water Area ,"4,229","4,229","4,229","4,229","4,229","6,117","6,117","6,016","5,759","5,759","5,759","5,950","5,950","5,950","5,950","5,928","5,928"
Glenn,Total Area Inventoried ,"849,128","849,127","849,128","849,128","849,127","849,127","849,127","849,129","849,129","849,129","849,127","849,129","849,129","849,129","849,129","849,132","849,133"
Imperial, Prime Farmland ,"213,957","213,355","214,481","214,647","213,715","202,011","200,234","199,707","199,594","198,123","196,928","196,176","195,588","194,136","192,951","190,588","190,205"
Imperial, Farmland of Statewide Importance,"318,162","318,315","318,365","317,758","316,193","323,254","321,732","319,372","319,273","315,457","313,218","311,645","311,047","307,221","305,614","297,557","297,272"
Imperial, Unique Farmland,895,871,832,783,717,622,591,592,582,"2,978","2,133","2,281","2,197","2,141","2,074","1,971","2,070"
Imperial, Farmland of Local Importance,"29,118","29,789","27,354","26,449","26,538","30,334","33,031","35,218","35,515","33,603","33,333","33,036","32,109","35,773","37,687","40,402","38,924"
Imperial,Important Farmland Subtotal,"562,132","562,330","561,032","559,637","557,163","556,221","555,588","554,889","554,964","550,161","545,612","543,138","540,941","539,271","538,326","530,518","528,471"
Imperial, Grazing Land ,0,0,0,0,,0,0,0,0,0,0,0,0,0,0,0,0
Imperial,Agricultural Land Subtotal,"562,132","562,330","561,032","559,637","557,163","556,221","555,588","554,889","554,964","550,161","545,612","543,138","540,941","539,271","538,326","530,518","528,471"
Imperial, Urban and Built-Up Land,"20,674","19,442","19,196","20,385","22,355","23,067","23,498","23,952","24,318","25,171","26,358","26,897","27,709","28,487","28,790","35,592","37,413"
Imperial, Other Land,"445,386","446,468","448,010","448,146","448,648","448,643","448,762","448,743","448,371","452,321","455,698","457,510","458,829","460,001","460,643","461,664","461,892"
Imperial, Water Area,376,328,328,400,400,635,718,985,914,914,902,"1,022","1,029",749,749,749,749
Imperial,Total Area Inventoried,"1,028,568","1,028,568","1,028,566","1,028,568","1,028,566","1,028,566","1,028,566","1,028,569","1,028,567","1,028,567","1,028,570","1,028,567","1,028,508","1,028,508","1,028,508","1,028,523","1,028,525"
Kern, Prime Farmland,,,,,,,,,,,"643,128","640,037","626,217","608,790","597,771","585,035","579,295"
Kern, Farmland of Statewide Importance,,,,,,,,,,,"214,705","214,848","216,347","213,463","212,867","209,563","209,484"
Kern, Unique Farmland,,,,,,,,,,,"109,318","107,295","96,657","91,830","89,694","90,107","91,323"
Kern, Farmland of Local Importance,,,,,,,,,,,0,0,0,0,0,0,0
Kern,Important Farmland Subtotal,,,,,,,,,,,"967,151","962,180","939,221","914,083","900,332","884,705","880,102"
Kern, Grazing Land ,,,,,,,,,,,"1,791,467","1,792,926","1,807,069","1,827,390","1,843,605","1,847,615","1,849,266"
Kern,Agricultural Land Subtotal,,,,,,,,,,,"2,758,618","2,755,106","2,746,290","2,741,473","2,743,937","2,732,320","2,729,368"
Kern, Urban and Built-Up Land,,,,,,,,,,,"121,828","129,339","138,696","141,897","143,726","151,595","159,179"
Kern, Other Land,,,,,,,,,,,"2,331,095","2,327,121","2,329,396","2,330,998","2,326,719","2,330,521","2,325,914"
Kern, Water Area,,,,,,,,,,,"9,842","9,811","9,880","9,890","9,876","9,874","9,853"
Kern,Total Area Inventoried ,,,,,,,,,,,"5,221,383","5,221,377","5,224,262","5,224,258","5,224,258","5,224,310","5,224,314"
King, Prime Farmland,"149,508","148,548","148,192","147,203","145,278","144,386","142,578","142,528","141,213","140,876","140,582","138,519","138,089","130,258","118,451","112,255","110,915"
King, Farmland of Statewide Importance,"466,040","459,053","459,482","454,745","446,183","444,900","433,873","429,172","430,760","431,338","429,773","418,751","397,065","388,891","376,878","365,024","339,020"
King, Unique Farmland,"27,340","26,247","26,863","26,712","25,607","25,227","24,772","24,496","28,450","28,313","28,523","25,336","22,928","21,802","19,863","19,219","18,920"
King, Farmland of Local Importance,0,0,0,0,"4,819","5,204","5,778","6,512","6,851","7,565","8,283","8,852","10,022","11,136","11,152","11,035","10,984"
King,Important Farmland Subtotal,"642,888","633,848","634,537","628,660","621,887","619,717","607,001","602,708","607,274","608,092","607,161","591,458","568,104","552,087","526,344","507,533","479,839"
King, Grazing Land ,"223,340","229,030","221,840","223,885","231,213","233,551","243,773","244,174","238,485","236,583","233,493","235,156","257,746","271,830","295,814","313,864","338,243"
King,Agricultural Land Subtotal,"866,228","862,878","856,377","852,545","853,100","853,268","850,774","846,882","845,759","844,675","840,654","826,614","825,850","823,917","822,158","821,397","818,082"
King, Urban and Built-Up Land,"16,165","18,455","24,074","25,664","26,799","26,386","27,227","28,244","28,938","29,795","30,767","31,611","32,220","35,847","36,640","37,194","40,075"
King, Other Land,"8,273","9,334","10,215","12,458","10,768","11,056","12,719","15,594","16,018","16,245","19,297","32,496","32,654","30,959","31,938","32,145","32,579"
King, Water Area,119,119,119,119,119,75,65,66,66,66,66,62,62,62,62,62,62
King,Total Area Inventoried ,"890,785","890,786","890,785","890,786","890,786","890,785","890,785","890,786","890,781","890,781","890,784","890,783","890,786","890,785","890,798","890,798","890,798"
Lake, Prime Farmland,,,,,,,"17,121","16,720","15,677","15,547","15,463","14,301","13,636","11,604","10,773","10,127","10,085"
Lake, Farmland of Statewide Importance,,,,,,,"1,415","1,408","1,399","1,432","1,432","1,222","1,099",846,814,827,918
Lake, Unique Farmland,,,,,,,"8,068","9,216","12,235","12,082","11,999","11,711","11,772","11,084","11,019","11,207","11,662"
Lake, Farmland of Local Importance,,,,,,,"18,812","18,951","19,450","19,418","19,468","20,815","21,012","22,392","23,145","23,670","23,261"
Lake,Important Farmland Subtotal,,,,,,,"45,416","46,295","48,761","48,479","48,362","48,049","47,519","45,926","45,751","45,831","45,926"
Lake, Grazing Land ,,,,,,,"245,263","243,171","240,790","239,981","240,001","240,371","239,765","239,874","239,883","239,724","240,207"
Lake,Agricultural Land Subtotal,,,,,,,"290,679","289,466","289,551","288,460","288,363","288,420","287,284","285,800","285,634","285,555","286,133"
Lake, Urban and Built-Up Land,,,,,,,"12,793","13,451","13,529","14,433","14,443","14,803","15,126","15,687","15,719","15,743","15,758"
Lake, Other Land,,,,,,,"501,024","501,273","501,108","501,295","501,385","500,968","501,636","502,560","502,676","502,729","502,097"
Lake, Water Area,,,,,,,"46,486","46,793","46,793","46,793","46,793","46,793","46,793","46,793","46,811","46,811","46,851"
Lake,Total Area Inventoried,,,,,,,"850,982","850,983","850,981","850,981","850,984","850,984","850,839","850,840","850,840","850,838","850,839"
Los Angeles, Prime Farmland,"40,059","29,146","29,472","22,501","23,974","24,244","24,355","24,632","28,796","32,187","33,218","32,611","32,406","30,876","27,733","25,427","22,613"
Los Angeles, Farmland of Statewide Importance,"1,017",884,884,925,935,982,977,991,994,939,"1,029","1,024","1,228",952,841,826,770
Los Angeles, Unique Farmland,426,682,728,708,743,766,871,933,978,"1,155","1,119","1,024","1,177","1,131","1,088","1,066",962
Los Angeles, Farmland of Local Importance,"19,375","29,012","28,897","30,706","30,908","30,612","30,680","30,736","29,849","8,171","8,684","8,975","7,193","6,855","5,671","3,964","3,045"
Los Angeles,Important Farmland Subtotal,"60,877","59,724","59,981","54,840","56,560","56,604","56,883","57,292","60,617","42,452","44,050","43,634","42,004","39,814","35,333","31,283","27,390"
Los Angeles, Grazing Land ,"229,763","227,853","226,109","220,429","219,084","218,632","217,878","218,118","216,795","233,399","228,826","228,729","229,474","231,475","235,829","237,069","239,037"
Los Angeles,Agricultural Land Subtotal,"290,640","287,577","286,090","275,269","275,644","275,236","274,761","275,410","277,412","275,851","272,876","272,363","271,478","271,289","271,162","268,352","266,427"
Los Angeles, Urban and Built-Up Land,"122,481","129,145","135,899","148,601","152,544","154,568","155,759","159,533","162,493","160,678","163,434","167,985","170,864","174,888","175,594","178,999","182,442"
Los Angeles, Other Land,"661,750","657,971","652,673","650,221","645,905","644,212","643,496","639,104","634,131","637,509","637,726","633,689","678,251","674,570","673,991","673,393","671,873"
Los Angeles, Water Area,"2,635","2,810","2,842","3,412","3,412","3,487","3,487","3,457","3,468","3,468","3,468","3,468","3,468","3,318","3,318","3,318","3,318"
Los Angeles,Total Area Inventoried ,"1,077,506","1,077,503","1,077,504","1,077,503","1,077,505","1,077,503","1,077,503","1,077,504","1,077,504","1,077,506","1,077,504","1,077,505","1,124,061","1,124,065","1,124,065","1,124,062","1,124,060"
Madera, Prime Farmland,"103,630","103,655","103,859","103,728","103,428","103,083","102,531","102,125","102,051","100,676","99,562","98,684","97,491","97,094","97,521","97,962","98,500"
Madera, Farmland of Statewide Importance,"86,456","86,477","86,433","86,333","85,955","85,792","85,709","85,397","85,078","84,661","86,041","85,362","85,136","84,754","84,890","85,056","85,206"
Madera, Unique Farmland,"154,903","155,266","156,149","156,186","156,441","156,271","156,434","160,891","163,591","164,587","163,887","163,978","163,973","165,932","173,017","176,042","180,291"
Madera, Farmland of Local Importance,"43,013","40,330","40,266","39,509","37,978","36,600","37,002","30,576","24,042","21,062","18,797","17,413","16,143","13,799","11,116","10,315","8,751"
Madera,Important Farmland Subtotal,"388,002","385,728","386,707","385,756","383,802","381,746","381,676","378,989","374,762","370,986","368,287","365,437","362,743","361,579","366,544","369,375","372,748"
Madera, Grazing Land ,"406,090","408,604","404,260","403,939","404,070","402,963","401,701","399,229","401,592","401,227","399,291","399,726","399,501","400,604","392,902","389,942","386,729"
Madera,Agricultural Land Subtotal,"794,092","794,332","790,967","789,695","787,872","784,709","783,377","778,218","776,354","772,213","767,578","765,163","762,244","762,183","759,446","759,317","759,477"
Madera, Urban and Built-Up Land,"19,707","18,615","18,980","19,822","20,830","22,342","22,595","22,242","22,904","24,051","24,975","26,015","27,010","27,213","28,448","28,730","29,175"
Madera, Other Land,"41,286","42,137","45,250","45,680","46,508","48,159","49,155","54,667","55,723","58,718","62,423","63,812","65,734","65,591","67,097","66,978","66,368"
Madera, Water Area,"5,959","5,959","5,846","5,846","5,833","5,833","5,918","5,918","6,063","6,063","6,063","6,055","6,055","6,056","6,052","6,051","6,051"
Madera,Total Area Inventoried ,"861,044","861,043","861,043","861,043","861,043","861,043","861,045","861,045","861,044","861,045","861,039","861,045","861,043","861,043","861,043","861,076","861,071"
Marin, Prime Farmland,180,180,168,168,168,168,168,14,14,7,7,7,7,0,0,0,1
Marin, Farmland of Statewide Importance,311,311,318,325,325,325,325,376,392,433,444,459,461,233,153,141,137
Marin, Unique Farmland,106,106,109,124,124,124,124,56,167,255,256,302,299,285,269,280,279
Marin, Farmland of Local Importance,"72,885","72,758","70,119","68,234","67,971","67,894","67,854","67,029","67,100","66,472","65,751","65,602","65,154","63,298","63,477","63,345","62,861"
Marin,Important Farmland Subtotal,"73,482","73,355","70,714","68,851","68,588","68,511","68,471","67,475","67,673","67,167","66,458","66,370","65,921","63,816","63,899","63,766","63,278"
Marin, Grazing Land ,"94,397","93,905","90,988","92,342","92,212","92,031","92,031","91,847","90,304","90,242","89,938","89,514","89,556","89,255","89,218","88,806","89,454"
Marin,Agricultural Land Subtotal,"167,879","167,260","161,702","161,193","160,800","160,542","160,502","159,322","157,977","157,409","156,396","155,884","155,477","153,071","153,117","152,572","152,732"
Marin, Urban and Built-Up Land,"37,706","37,953","38,628","38,965","39,432","39,640","39,827","40,240","40,581","41,480","41,904","42,069","42,181","42,342","42,354","41,859","41,609"
Marin, Other Land,"128,944","129,244","134,157","134,342","134,269","134,112","133,965","134,424","135,388","135,054","135,645","135,992","136,185","138,429","138,371","139,484","138,270"
Marin, Water Area,"44,132","44,204","44,173","44,161","44,161","44,367","44,367","44,675","44,715","44,715","44,715","44,715","44,819","44,819","44,819","44,748","46,051"
Marin,Total Area Inventoried,"378,661","378,661","378,660","378,661","378,662","378,661","378,661","378,661","378,661","378,658","378,660","378,660","378,662","378,661","378,661","378,663","378,662"
Mendocino, Prime Farmland,,,,,,,,,,,,"20,689","21,107","21,347","21,239","19,208","18,130"
Mendocino, Farmland of Statewide Importance,,,,,,,,,,,,"1,166","1,365","1,375","1,361","1,228","1,289"
Mendocino, Unique Farmland,,,,,,,,,,,,"6,969","7,219","7,370","7,358","7,214","7,625"
Mendocino, Farmland of Local Importance,,,,,,,,,,,,0,0,0,0,0,0
Mendocino,Important Farmland Subtotal,,,,,,,,,,,,"28,824","29,691","30,092","29,958","27,650","27,044"
Mendocino, Grazing Land ,,,,,,,,,,,,"1,928,254","1,927,016","1,925,803","1,925,809","1,928,004","1,928,566"
Mendocino,Agricultural Land Subtotal,,,,,,,,,,,,"1,957,078","1,956,707","1,955,895","1,955,767","1,955,654","1,955,610"
Mendocino, Urban and Built-Up Land,,,,,,,,,,,,"19,054","19,194","19,456","19,492","19,506","19,660"
Mendocino, Other Land,,,,,,,,,,,,"66,462","66,808","67,361","67,453","67,514","67,404"
Mendocino, Water Area,,,,,,,,,,,,"2,135","2,135","2,135","2,135","2,135","2,135"
Mendocino,Total Area Inventoried,,,,,,,,,,,,"2,044,729","2,044,844","2,044,847","2,044,847","2,044,809","2,044,809"
Merced, Prime Farmland,,,,,"288,920","288,477","288,415","289,057","287,160","283,158","276,575","272,095","270,641","271,100","271,812","271,912","269,243"
Merced, Farmland of Statewide Importance,,,,,"161,792","161,189","159,788","160,066","157,936","159,022","155,856","153,249","150,875","151,337","153,103","154,502","154,209"
Merced, Unique Farmland,,,,,"95,096","94,370","93,580","96,593","96,355","103,008","103,133","104,418","103,990","109,028","110,698","112,301","115,235"
Merced, Farmland of Local Importance,,,,,"52,782","49,786","51,241","47,929","47,621","42,818","53,762","59,851","67,985","65,057","62,925","62,225","61,671"
Merced,Important Farmland Subtotal,,,,,"598,590","593,822","593,024","593,645","589,072","588,006","589,326","589,613","593,491","596,522","598,538","600,940","600,358"
Merced, Grazing Land ,,,,,"581,798","585,110","583,709","580,934","581,729","578,026","573,629","569,829","567,392","562,461","560,104","556,966","552,632"
Merced,Agricultural Land Subtotal,,,,,"1,180,388","1,178,932","1,176,733","1,174,579","1,170,801","1,166,032","1,162,955","1,159,442","1,160,883","1,158,983","1,158,642","1,157,906","1,152,990"
Merced, Urban and Built-Up Land,,,,,"28,326","29,309","30,183","30,559","31,817","33,091","34,944","36,769","37,419","38,376","38,736","39,183","40,340"
Merced, Other Land,,,,,"35,759","36,264","37,526","39,304","41,832","45,321","46,548","48,351","50,456","51,395","51,561","51,871","55,771"
Merced, Water Area,,,,,"16,946","16,914","16,978","16,978","16,970","16,970","16,970","16,859","16,859","16,859","16,674","16,674","16,531"
Merced,Total Area Inventoried,,,,,"1,261,419","1,261,419","1,261,420","1,261,420","1,261,420","1,261,414","1,261,417","1,261,421","1,265,617","1,265,613","1,265,613","1,265,634","1,265,632"
Monterey, Prime Farmland,"176,779","176,892","176,738","176,356","175,448","174,681","173,238","170,774","169,255","169,338","169,369","167,638","166,812","166,252","166,327","166,188","165,517"
Monterey, Farmland of Statewide Importance,"37,762","37,678","37,905","37,297","37,396","37,961","38,209","38,714","45,877","44,998","44,546","43,401","43,091","43,372","43,823","43,994","44,508"
Monterey, Unique Farmland,"10,875","10,984","11,253","12,001","12,706","13,074","13,610","15,236","24,142","26,476","26,479","25,104","24,768","25,526","25,707","26,101","26,355"
Monterey, Farmland of Local Importance,0,0,0,0,0,0,0,0,0,0,0,0,0,0,0,0,0
Monterey,Important Farmland Subtotal,"225,416","225,554","225,896","225,654","225,550","225,716","225,057","224,724","239,274","240,812","240,394","236,143","234,671","235,150","235,857","236,283","236,380"
Monterey, Grazing Land ,"1,081,510","1,081,159","1,080,857","1,080,441","1,080,482","1,080,452","1,078,186","1,076,031","1,060,663","1,057,448","1,066,538","1,065,575","1,066,494","1,065,697","1,063,390","1,062,699","1,063,918"
Monterey,Agricultural Land Subtotal,"1,306,926","1,306,713","1,306,753","1,306,095","1,306,032","1,306,168","1,303,243","1,300,755","1,299,937","1,298,260","1,306,932","1,301,718","1,301,165","1,300,847","1,299,247","1,298,982","1,300,298"
Monterey, Urban and Built-Up Land,"42,374","43,197","43,880","45,253","46,370","47,112","49,231","50,030","52,486","54,060","54,291","55,950","56,534","56,779","57,925","58,147","58,339"
Monterey, Other Land,"765,284","764,671","763,947","763,233","762,178","761,302","762,274","764,098","762,459","762,559","753,657","757,209","757,182","757,256","757,710","757,847","757,297"
Monterey, Water Area,"6,544","6,547","6,547","6,547","6,547","6,545","6,379","6,245","6,246","6,246","6,246","6,246","6,246","6,246","6,246","6,246","5,287"
Monterey,Total Area Inventoried,"2,121,128","2,121,128","2,121,127","2,121,128","2,121,127","2,121,127","2,121,127","2,121,128","2,121,128","2,121,125","2,121,126","2,121,123","2,121,127","2,121,128","2,121,128","2,121,222","2,121,221"
Modoc, Prime Farmland,,,,,,,,,,,,,"79,250","78,065","77,394","76,001","75,575"
Modoc, Farmland of Statewide Importance,,,,,,,,,,,,,"44,542","43,193","42,754","42,397","42,082"
Modoc, Unique Farmland,,,,,,,,,,,,,"13,971","14,555","14,747","16,531","16,538"
Modoc, Farmland of Local Importance,,,,,,,,,,,,,"148,176","150,183","151,460","150,395","253,857"
Modoc,Important Farmland Subtotal,,,,,,,,,,,,,"285,939","285,996","286,355","285,324","388,052"
Modoc, Grazing Land ,,,,,,,,,,,,,"814,860","814,097","813,708","813,805","711,317"
Modoc,Agricultural Land Subtotal,,,,,,,,,,,,,"1,100,799","1,100,093","1,100,063","1,099,129","1,099,369"
Modoc, Urban and Built-Up Land,,,,,,,,,,,,,"3,430","3,651","3,676","3,712","3,713"
Modoc, Other Land,,,,,,,,,,,,,"22,743","23,226","23,231","24,103","23,829"
Modoc, Water Area,,,,,,,,,,,,,"57,265","57,265","57,265","57,308","57,341"
Modoc,Total Area Inventoried,,,,,,,,,,,,,"1,184,237","1,184,235","1,184,235","1,184,252","1,184,252"
Mariposa, Prime Farmland,0,0,29,29,29,29,29,29,45,49,24,5,6,6,6,6,6
Mariposa, Farmland of Statewide Importance,14,73,98,98,98,98,98,98,76,117,98,24,41,49,48,38,15
Mariposa, Unique Farmland,116,116,116,131,131,131,131,131,137,60,56,65,284,285,295,292,108
Mariposa, Farmland of Local Importance,0,0,0,0,0,0,0,0,0,0,0,0,0,0,0,0,0
Mariposa,Important Farmland Subtotal,130,189,243,258,258,258,258,258,258,226,178,94,331,340,349,336,129
Mariposa, Grazing Land ,"409,719","408,883","408,335","408,252","407,561","408,160","408,160","408,330","408,323","406,413","404,018","404,080","403,769","403,602","403,571","403,508","401,955"
Mariposa,Agricultural Land Subtotal,"409,849","409,072","408,578","408,510","407,819","408,418","408,418","408,588","408,581","406,639","404,196","404,174","404,100","403,942","403,920","403,844","402,084"
Mariposa, Urban and Built-Up Land,"3,324","3,022","2,098","2,120","2,120","2,139","2,144","2,226","2,226","2,378","2,406","2,421","2,423","2,441","2,444","2,463","2,322"
Mariposa, Other Land,"68,613","69,691","71,111","71,151","71,843","71,827","71,822","71,585","71,592","73,382","75,796","75,804","75,874","76,015","76,037","76,094","77,998"
Mariposa, Water Area,"6,659","6,659","6,659","6,664","6,664","6,063","6,063","6,047","6,047","6,047","6,047","6,047","6,047","6,047","6,047","6,047","6,047"
Mariposa,Total Area Inventoried,"488,445","488,444","488,446","488,445","488,446","488,447","488,447","488,446","488,446","488,446","488,445","488,446","488,444","488,445","488,448","488,448","488,451"
Napa, Prime Farmland,"25,870","27,151","27,803","28,261","28,467","29,548","29,519","29,936","31,515","31,894","32,446","31,999","31,742","31,621","31,379","30,655","30,619"
Napa, Farmland of Statewide Importance,"4,805","5,426","5,842","6,860","7,264","7,338","7,432","8,063","9,082","9,696","9,792","9,679","9,798","9,709","9,740","9,574","9,593"
Napa, Unique Farmland,"11,782","11,982","12,995","13,716","15,202","14,689","15,027","15,752","16,705","17,902","17,812","16,359","16,326","16,414","16,461","16,312","16,803"
Napa, Farmland of Local Importance,"26,970","25,950","25,784","23,540","22,764","22,387","22,142","20,653","21,104","19,714","19,280","18,991","18,490","18,463","18,562","18,651","18,326"
Napa,Important Farmland Subtotal,"69,427","70,509","72,424","72,377","73,697","73,962","74,120","74,404","78,406","79,206","79,330","77,028","76,356","76,207","76,142","75,192","75,341"
Napa, Grazing Land ,"191,670","190,811","189,537","188,236","187,324","186,961","186,722","185,643","180,920","180,181","179,907","179,299","178,957","179,029","179,036","178,987","179,202"
Napa,Agricultural Land Subtotal,"261,097","261,320","261,961","260,613","261,021","260,923","260,842","260,047","259,326","259,387","259,237","256,327","255,313","255,236","255,178","254,179","254,543"
Napa, Urban and Built-Up Land,"17,450","17,750","18,450","19,346","19,824","20,212","20,325","20,599","21,114","21,397","22,244","22,815","23,328","23,556","23,535","24,055","23,875"
Napa, Other Land,"204,767","204,245","202,903","203,296","202,413","202,075","202,157","202,678","203,024","202,676","201,981","204,320","204,825","204,670","203,796","204,275","204,063"
Napa, Water Area,"22,545","22,545","22,545","22,603","22,603","22,649","22,535","22,535","22,397","22,396","22,396","22,396","22,397","22,396","23,349","23,347","23,376"
Napa,Total Area Inventoried,"505,859","505,860","505,859","505,858","505,861","505,859","505,859","505,859","505,861","505,856","505,858","505,858","505,863","505,858","505,858","505,856","505,857"
Nevada, Prime Farmland,312,291,394,394,394,400,375,375,374,697,659,605,514,398,373,309,290
Nevada, Farmland of Statewide Importance,961,919,937,948,944,978,"1,013",988,987,"3,257","3,076","2,788","2,285","1,586","1,392","1,274","1,283"
Nevada, Unique Farmland,230,227,219,198,272,265,314,304,285,477,458,438,500,480,475,436,462
Nevada, Farmland of Local Importance,"32,349","33,145","33,077","33,186","19,616","19,568","19,888","20,279","20,327","24,297","22,851","22,964","22,664","23,470","23,705","23,411","6,043"
Nevada,Important Farmland Subtotal,"33,852","34,582","34,627","34,726","21,226","21,211","21,590","21,946","21,973","28,728","27,044","26,795","25,963","25,934","25,945","25,430","8,078"
Nevada, Grazing Land ,"128,377","127,069","126,890","125,400","130,970","130,986","130,367","129,889","129,758","121,986","121,983","117,931","116,866","116,808","116,784","117,278","133,508"
Nevada,Agricultural Land Subtotal,"162,229","161,651","161,517","160,126","152,196","152,197","151,957","151,835","151,731","150,714","149,027","144,726","142,829","142,742","142,729","142,708","141,586"
Nevada, Urban and Built-Up Land,"12,889","13,314","13,755","13,897","14,405","14,424","14,508","14,647","14,727","15,399","17,167","17,393","17,506","17,541","17,556","17,579","17,609"
Nevada, Other Land,"114,671","114,416","114,106","115,386","122,807","122,791","122,778","122,761","122,785","123,129","123,050","127,122","128,908","128,961","128,959","128,963","130,057"
Nevada, Water Area,"1,598","2,010","2,010","1,979","1,979","1,979","2,145","2,145","2,145","2,145","2,145","2,145","2,145","2,145","2,145","2,145","2,145"
Nevada,Total Area Inventoried,"291,387","291,391","291,388","291,388","291,387","291,391","291,388","291,388","291,388","291,387","291,389","291,386","291,388","291,389","291,389","291,395","291,397"
Orange, Prime Farmland,"19,945","19,755","16,637","14,537","14,016","13,111","13,068","11,099","10,247","8,531","7,259","6,267","3,772","3,243","3,071","2,551","2,391"
Orange, Farmland of Statewide Importance,"2,095","1,902","1,471","1,330","1,241","1,241","1,225",842,834,736,620,567,441,367,367,306,411
Orange, Unique Farmland,"4,495","4,889","5,664","5,299","4,993","5,562","5,943","6,259","5,872","5,343","5,601","5,081","4,209","3,655","3,599","3,214","2,913"
Orange, Farmland of Local Importance,0,0,0,0,,0,0,0,0,0,0,0,0,0,0,0,0
Orange,Important Farmland Subtotal,"26,535","26,546","23,772","21,166","20,250","19,914","20,236","18,200","16,953","14,610","13,480","11,915","8,422","7,265","7,037","6,071","5,715"
Orange, Grazing Land ,"40,651","40,704","40,036","39,863","39,557","39,278","38,953","38,517","37,963","36,960","35,872","35,655","37,554","37,639","37,386","37,106","37,114"
Orange,Agricultural Land Subtotal,"67,186","67,250","63,808","61,029","59,807","59,192","59,189","56,717","54,916","51,570","49,352","47,570","45,976","44,904","44,423","43,177","42,829"
Orange, Urban and Built-Up Land,"230,561","233,058","242,629","252,087","257,302","260,344","262,247","269,987","273,384","277,989","282,181","284,246","287,923","289,171","289,825","291,249","292,689"
Orange, Other Land,"211,020","208,461","202,160","195,480","191,486","188,919","187,038","181,770","180,188","178,928","176,954","176,668","174,843","174,666","174,493","174,278","173,173"
Orange, Water Area,692,692,863,863,863,"1,005",986,986,972,972,972,972,972,972,972,"1,015","1,026"
Orange,Total Area Inventoried,"509,459","509,461","509,460","509,459","509,458","509,460","509,460","509,460","509,460","509,459","509,459","509,456","509,714","509,713","509,713","509,719","509,717"
Placer, Prime Farmland,"10,427","10,552","10,474","10,543","10,515","10,458","9,867","9,750","9,768","9,538","9,236","8,524","7,894","7,339","7,330","7,406","7,431"
Placer, Farmland of Statewide Importance,"5,933","5,661","5,490","5,595","5,565","5,608","5,546","5,195","6,089","5,493","5,510","5,021","4,823","4,067","4,045","4,004","4,097"
Placer, Unique Farmland,"21,016","22,365","23,899","24,640","24,025","23,848","23,301","22,727","22,686","22,105","23,283","22,793","20,195","18,058","17,894","17,947","18,784"
Placer, Farmland of Local Importance,"113,658","112,002","110,577","109,161","113,310","113,505","114,270","114,452","102,658","87,832","86,235","101,846","101,011","103,273","99,237","98,601","94,732"
Placer,Important Farmland Subtotal,"151,034","150,580","150,440","149,939","153,415","153,419","152,984","152,124","141,201","124,968","124,264","138,184","133,923","132,737","128,506","127,958","125,044"
Placer, Grazing Land ,"57,859","56,549","54,760","53,108","36,369","35,853","33,694","31,695","39,208","50,478","46,000","28,692","24,448","24,194","27,883","27,689","30,267"
Placer,Agricultural Land Subtotal,"208,893","207,129","205,200","203,047","189,784","189,272","186,678","183,819","180,409","175,446","170,264","166,876","158,371","156,931","156,389","155,647","155,311"
Placer, Urban and Built-Up Land,"23,264","24,741","27,018","29,545","31,535","32,563","35,002","37,608","41,446","46,853","52,183","55,770","58,622","58,714","59,708","60,437","61,214"
Placer, Other Land,"174,151","174,423","174,074","173,700","184,974","184,577","184,804","185,057","184,648","184,202","184,058","183,874","189,458","190,803","190,351","190,370","189,929"
Placer, Water Area,"5,220","5,237","5,237","5,237","5,238","5,118","5,047","5,047","5,027","5,027","5,027","5,011","5,011","5,011","5,011","5,011","5,012"
Placer,Total Area Inventoried,"411,528","411,530","411,529","411,529","411,531","411,530","411,531","411,531","411,530","411,528","411,532","411,531","411,462","411,459","411,459","411,465","411,466"
Riverside, Prime Farmland,"201,920","198,560","196,210",193071,"188,883","177,111","168,763","159,459","151,011","139,253","134,429","128,505","122,935","119,635","119,309","118,077","117,484"
Riverside, Farmland of Statewide Importance,"65,677","64,486","63,224",62121,"60,647","58,399","55,842","53,767","49,446","49,508","48,499","46,916","44,653","44,085","43,919","44,001","43,757"
Riverside, Unique Farmland,"37,620","37,788","39,649",42169,"43,096","42,616","41,320","41,674","40,950","39,936","38,691","37,949","37,133","35,392","33,340","32,582","32,565"
Riverside, Farmland of Local Importance,"256,325","253,218","245,054",227700,"225,501","234,269","241,461","246,838","243,414","250,581","244,848","231,085","229,156","229,875","229,658","228,808","226,029"
Riverside,Important Farmland Subtotal,"561,542","554,052","544,137","525,061","518,127","512,395","507,386","501,738","484,821","479,278","466,467","444,455","433,877","428,987","426,226","423,468","419,835"
Riverside, Grazing Land ,"141,932","141,348","139,764",137267,"136,473","135,950","135,507","134,599","124,714","117,005","116,028","111,696","111,219","110,842","110,385","110,102","110,203"
Riverside,Agricultural Land Subtotal,"703,474","695,400","683,901","662,328","654,600","648,345","642,893","636,337","609,535","596,283","582,495","556,151","545,096","539,829","536,611","533,570","530,038"
Riverside, Urban and Built-Up Land,"163,792","173,406","188,214",207238,"217,507","225,710","231,987","240,888","254,816","262,867","277,272","300,540","315,679","321,555","325,407","329,871","334,445"
Riverside, Other Land,"1,009,369","1,007,643","1,004,336",1006884,"1,004,336","1,002,388","1,001,125","1,000,442","1,007,724","1,012,928","1,012,307","1,015,386","1,021,336","1,020,717","1,020,083","1,018,674","1,017,635"
Riverside, Water Area,"57,980","58,165","58,165",58165,"58,172","58,172","58,611","56,948","62,541","62,541","62,541","62,350","62,350","62,361","62,361","62,361","62,361"
Riverside,Total Area Inventoried,"1,934,615","1,934,614","1,934,616","1,934,615","1,934,615","1,934,615","1,934,616","1,934,616","1,934,616","1,934,619","1,934,615","1,934,427","1,944,461","1,944,462","1,944,462","1,944,476","1,944,479"
Sacramento, Prime Farmland,,,"124,415","124,099","123,462","123,245","123,104","121,974","115,389","112,037","110,278","106,667","104,366","97,477","93,916","91,568","90,691"
Sacramento, Farmland of Statewide Importance,,,"79,822","79,386","76,944","76,239","74,276","67,713","63,536","60,817","56,141","51,218","49,470","45,263","43,580","43,105","43,342"
Sacramento, Unique Farmland,,,"12,082","12,329","11,610","11,311","11,369","13,521","15,476","15,743","15,187","15,267","15,463","15,076","15,060","15,125","15,540"
Sacramento, Farmland of Local Importance,,,"31,821","29,433","27,602","28,269","28,426","33,732","33,530","37,924","39,873","41,960","43,819","53,929","56,981","58,852","57,910"
Sacramento,Important Farmland Subtotal,,,"248,140","245,247","239,618","239,064","237,175","236,940","227,931","226,521","221,479","215,112","213,118","211,745","209,537","208,650","207,483"
Sacramento, Grazing Land ,,,"176,777","174,373","171,426","171,185","170,710","165,253","168,144","165,023","163,175","156,979","156,144","155,824","154,744","153,452","153,174"
Sacramento,Agricultural Land Subtotal,,,"424,917","419,620","411,044","410,249","407,885","402,193","396,075","391,544","384,654","372,091","369,262","367,569","364,281","362,102","360,657"
Sacramento, Urban and Built-Up Land,,,"131,321","137,415","142,735","144,368","146,904","150,716","157,162","159,903","165,630","175,523","177,915","178,784","180,246","181,296","182,237"
Sacramento, Other Land,,,"61,150","60,354","63,609","62,818","62,833","64,922","64,593","66,383","67,548","70,239","70,757","71,585","73,401","74,558","75,069"
Sacramento, Water Area,,,"18,695","18,695","18,695","18,648","18,461","18,252","18,253","18,253","18,253","18,230","18,147","18,147","18,148","18,120","18,116"
Sacramento,Total Area Inventoried,,,"636,083","636,084","636,083","636,083","636,083","636,083","636,083","636,083","636,085","636,083","636,081","636,085","636,076","636,076","636,079"
Santa Barbara, Prime Farmland,"67,703","68,405","69,299","68,406","69,295","69,180","69,532","72,115","74,106","66,460","67,774","67,222","67,170","66,569","66,441","67,215","66,978"
Santa Barbara, Farmland of Statewide Importance,"4,985","4,940","5,170","5,615","5,775","5,781","5,787","6,761","8,008","11,862","12,380","12,243","12,298","12,475","12,815","13,000","13,194"
Santa Barbara, Unique Farmland,"21,763","22,376","22,953","23,231","24,682","25,102","25,169","29,331","32,297","33,936","35,135","34,438","34,779","35,605","36,032","36,585","37,325"
Santa Barbara, Farmland of Local Importance,"33,392","33,870","34,115","33,607","30,755","29,995","28,160","26,199","25,399","23,088","20,837","20,096","11,106","10,642","10,341","9,721","8,951"
Santa Barbara,Important Farmland Subtotal,"127,843","129,591","131,537","130,859","130,507","130,058","128,648","134,406","139,810","135,346","136,126","133,999","125,353","125,291","125,629","126,521","126,448"
Santa Barbara, Grazing Land ,"601,695","599,817","597,326","596,535","595,935","596,395","597,139","589,641","583,709","586,286","583,309","584,449","581,985","581,642","580,257","579,106","579,054"
Santa Barbara,Agricultural Land Subtotal,"729,538","729,408","728,863","727,394","726,442","726,453","725,787","724,047","723,519","721,632","719,435","718,448","707,338","706,933","705,886","705,627","705,502"
Santa Barbara, Urban and Built-Up Land,"53,466","54,535","55,485","56,609","57,853","58,178","59,265","59,532","61,027","61,076","62,029","62,215","62,334","62,761","63,464","63,695","63,996"
Santa Barbara, Other Land,"252,593","251,654","251,248","251,521","251,229","250,968","250,547","251,973","251,006","252,843","254,087","254,961","265,467","265,910","266,254","266,306","266,131"
Santa Barbara, Water Area,"4,218","4,218","4,218","4,291","4,291","4,216","4,216","4,264","4,264","4,264","4,264","4,191","4,191","3,723","3,723","3,723","3,723"
Santa Barbara,Total Area Inventoried,"1,039,815","1,039,815","1,039,814","1,039,815","1,039,815","1,039,815","1,039,815","1,039,816","1,039,816","1,039,815","1,039,815","1,039,815","1,039,330","1,039,327","1,039,327","1,039,351","1,039,352"
San Bernardino, Prime Farmland,"43,184","41,761","38,648","34,742","33,211","32,016","30,722","29,975","24,928","21,648","20,316","17,046","14,090","12,848","12,482","11,714","11,323"
San Bernardino, Farmland of Statewide Importance,"12,770","12,462","11,588","14,383","12,906","12,155","12,169","12,026","11,318","9,708","8,777","7,938","6,747","6,242","5,860","5,702","5,770"
San Bernardino, Unique Farmland,"6,297","5,487","4,699","4,762","4,653","4,521","4,314","3,888","3,676","3,412","2,653","3,150","2,661","2,511","2,623","2,674","2,738"
San Bernardino, Farmland of Local Importance,"7,324","7,251","6,420","5,863","4,731","5,297","5,258","5,036","4,816","3,312","2,929","2,785","1,828","1,160",956,606,562
San Bernardino,Important Farmland Subtotal,"69,575","66,961","61,355","59,750","55,501","53,989","52,463","50,925","44,738","38,080","34,675","30,919","25,326","22,761","21,921","20,696","20,393"
San Bernardino, Grazing Land ,"963,608","957,019","952,531","944,928","942,010","936,810","933,838","933,101","936,090","919,330","915,549","902,854","901,666","902,588","902,869","900,735","898,633"
San Bernardino,Agricultural Land Subtotal,"1,033,183","1,023,980","1,013,886","1,004,678","997,511","990,799","986,301","984,026","980,828","957,410","950,224","933,773","926,992","925,349","924,790","921,431","919,026"
San Bernardino, Urban and Built-Up Land,"169,349","187,679","197,962","210,470","222,712","227,401","232,528","234,903","237,821","249,954","259,266","268,684","275,695","277,874","278,910","282,906","286,407"
San Bernardino, Other Land,"246,913","237,785","237,596","234,296","229,221","231,244","230,172","230,071","230,350","241,635","239,510","246,636","246,413","245,813","245,336","244,701","243,604"
San Bernardino, Water Area,98,98,98,98,98,98,543,543,543,543,543,449,449,510,510,510,510
San Bernardino,Total Area Inventoried,"1,449,543","1,449,542","1,449,542","1,449,542","1,449,542","1,449,542","1,449,544","1,449,543","1,449,542","1,449,542","1,449,543","1,449,542","1,449,549","1,449,546","1,449,546","1,449,548","1,449,547"
San Benito, Prime Farmland,"38,743","42,421","42,610","41,991","41,322","35,968","35,429","34,278","33,902","32,509","32,085","30,432","28,701","27,427","27,446","26,981","26,833"
San Benito, Farmland of Statewide Importance,"16,871","12,912","13,049","12,821","12,682","11,746","11,616","9,766","9,597","9,040","9,464","9,106","6,587","6,476","6,359","6,913","7,107"
San Benito, Unique Farmland,"1,668","1,729","1,674","1,779","1,747",861,847,901,"1,119","2,581","2,625","2,578","2,399","2,252","2,258","2,261","2,412"
San Benito, Farmland of Local Importance,"34,037","35,381","36,632","37,744","38,392","42,721","39,045","39,381","37,083","32,922","27,389","26,482","23,234","21,311","20,448","18,573","17,157"
San Benito,Important Farmland Subtotal,"91,319","92,443","93,965","94,335","94,143","91,296","86,937","84,326","81,701","77,052","71,563","68,598","60,921","57,466","56,511","54,728","53,509"
San Benito, Grazing Land ,"596,180","592,250","589,946","586,761","586,557","588,775","592,444","593,629","595,537","598,926","603,616","605,732","612,455","614,820","615,859","616,957","618,326"
San Benito,Agricultural Land Subtotal,"687,499","684,693","683,911","681,096","680,700","680,071","679,381","677,955","677,238","675,978","675,179","674,330","673,376","672,286","672,370","671,685","671,835"
San Benito, Urban and Built-Up Land,"4,390","4,580","4,902","5,470","5,614","5,746","6,180","6,748","7,032","7,416","7,644","7,780","7,902","8,023","8,045","8,061","8,145"
San Benito, Other Land,"196,485","199,079","199,478","201,725","201,977","202,474","202,730","203,665","203,977","204,857","205,427","206,138","206,968","207,935","207,829","208,516","208,313"
San Benito, Water Area,"1,013","1,036","1,097","1,097","1,097","1,097","1,097","1,019","1,140","1,140","1,140","1,140","1,140","1,145","1,145","1,145","1,110"
San Benito,Total Area Inventoried,"889,387","889,388","889,388","889,388","889,388","889,388","889,388","889,387","889,387","889,391","889,390","889,388","889,386","889,389","889,389","889,407","889,403"
Santa Clara, Prime Farmland,"37,989","37,413","36,151","35,815","34,622","34,156","33,871","32,009","30,052","26,577","24,717","20,768","18,804","17,272","16,609","15,691","14,909"
Santa Clara, Farmland of Statewide Importance,"5,482","5,380","5,362","5,362","5,314","5,245","5,174","4,900","4,596","5,932","5,630","4,460","4,028","3,630","3,565","3,383","3,273"
Santa Clara, Unique Farmland,752,785,"1,197","1,353","1,344","1,345","1,345","1,412","1,169","2,325","2,396","2,453","2,489","2,525","2,573","2,440","2,227"
Santa Clara, Farmland of Local Importance,"6,333",6303,"8,645","9,039","8,888","8,853","8,806","8,687","8,208","7,339","6,005","6,113","5,967","4,327","4,001","5,105","5,581"
Santa Clara,Important Farmland Subtotal,"50,556","49,881","51,355","51,569","50,168","49,599","49,196","47,007","44,025","42,173","38,748","33,794","31,288","27,754","26,748","26,619","25,990"
Santa Clara, Grazing Land ,"410,124","410,172","406,251","405,537","405,215","404,408","404,279","390,678","389,210","388,696","388,646","388,510","390,091","392,776","393,624","393,535","394,061"
Santa Clara,Agricultural Land Subtotal,"460,680","460,053","457,606","457,106","455,383","454,007","453,475","437,685","433,235","430,869","427,394","422,304","421,379","420,530","420,372","420,154","420,051"
Santa Clara, Urban and Built-Up Land,"172,483","172,120","172,257","172,963","174,496","176,202","176,726","179,482","184,182","185,131","187,177","188,243","188,882","189,130","189,286","189,386","189,552"
Santa Clara, Other Land,"194,259","195,122","197,267","197,062","197,203","196,662","196,567","209,601","209,357","210,774","212,204","216,224","216,504","217,107","217,100","217,222","217,634"
Santa Clara, Water Area,"7,802","7,931","8,095","8,095","8,142","8,353","8,457","8,457","8,452","8,452","8,452","8,458","8,458","8,458","8,467","8,466","7,993"
Santa Clara,Total Area Inventoried,"835,224","835,226","835,225","835,226","835,224","835,224","835,225","835,225","835,226","835,226","835,227","835,229","835,223","835,225","835,225","835,228","835,230"
Santa Cruz, Prime Farmland,"16,765","17,094","17,290","17,297","17,306","17,262","17,230","17,179","17,030","15,540","15,212","14,712","14,357","13,816","13,826","13,688","13,437"
Santa Cruz, Farmland of Statewide Importance,"2,805","2,846","3,004","3,073","3,114","3,114","3,068","3,057","3,215","3,367","3,268","2,913","2,706","2,450","2,471","2,404","2,335"
Santa Cruz, Unique Farmland,"4,078","4,080","4,305","4,251","4,334","4,160","4,203","4,393","4,395","5,557","5,367","4,610","4,249","3,761","3,682","3,554","3,520"
Santa Cruz, Farmland of Local Importance,230,272,515,583,636,718,718,869,869,811,758,522,516,548,483,300,251
Santa Cruz,Important Farmland Subtotal,"23,878","24,292","25,114","25,204","25,390","25,254","25,219","25,498","25,509","25,275","24,605","22,757","21,828","20,575","20,462","19,946","19,543"
Santa Cruz, Grazing Land ,"16,780","16,596","16,481","16,876","16,849","16,615","16,187","16,718","16,587","16,727","16,867","17,718","17,952","18,268","18,227","18,522","19,303"
Santa Cruz,Agricultural Land Subtotal,"40,658","40,888","41,595","42,080","42,239","41,869","41,406","42,216","42,096","42,002","41,472","40,475","39,780","38,843","38,689","38,468","38,846"
Santa Cruz, Urban and Built-Up Land,"25,938","26,320","26,818","27,082","27,360","27,585","27,719","28,587","29,293","31,092","31,422","31,704","32,013","32,749","32,972","32,993","33,037"
Santa Cruz, Other Land,"218,360","218,057","216,845","216,096","215,659","215,804","216,227","214,548","213,964","212,260","212,459","213,174","213,563","213,759","213,690","213,896","213,474"
Santa Cruz, Water Area,753,444,451,451,451,451,357,357,357,357,357,357,357,357,357,357,357
Santa Cruz,Total Area Inventoried,"285,709","285,709","285,709","285,709","285,709","285,709","285,709","285,708","285,710","285,711","285,710","285,710","285,713","285,708","285,708","285,714","285,714"
San Diego, Prime Farmland,"15,497","12,364","11,759","12,130","12,014","11,796","11,100","10,660","10,257","9,401","8,527","8,251","7,754","7,084","6,989","5,987","5,669"
San Diego, Farmland of Statewide Importance,"28,542","16,090","15,314","15,543","14,466","13,961","13,902","13,617","13,142","13,450","12,181","10,960","10,412","9,440","8,836","8,287","8,075"
San Diego, Unique Farmland,"69,588","67,682","69,219","70,819","70,462","69,153","67,734","67,535","57,306","57,522","55,565","53,251","51,975","48,359","47,458","45,724","43,618"
San Diego, Farmland of Local Importance,"98,493","115,241","111,451","107,209","102,475","104,493","105,190","105,001","112,398","133,543","134,489","134,892","153,186","154,038","152,510","154,765","155,566"
San Diego,Important Farmland Subtotal,"212,120","211,377","207,743","205,701","199,417","199,403","197,926","196,813","193,103","213,916","210,762","207,354","223,327","218,921","215,793","214,763","212,928"
San Diego, Grazing Land ,"159,835","160,232","156,246","152,251","146,306","144,760","142,857","142,335","137,619","111,442","107,328","106,679","126,871","126,495","125,017","124,845","127,183"
San Diego,Agricultural Land Subtotal,"371,955","371,609","363,989","357,952","345,723","344,163","340,783","339,148","330,722","325,358","318,090","314,033","350,198","345,416","340,810","339,608","340,111"
San Diego, Urban and Built-Up Land,"252,931","264,889","274,812","287,820","297,095","301,546","307,169","311,491","323,909","332,715","338,845","345,315","350,500","355,144","360,919","362,781","364,827"
San Diego, Other Land,"1,530,215","1,518,702","1,516,346","1,509,273","1,512,228","1,509,453","1,507,356","1,504,625","1,499,018","1,495,576","1,496,460","1,494,046","1,452,698","1,452,833","1,451,664","1,451,005","1,449,131"
San Diego, Water Area ,"11,591","11,494","11,546","11,646","11,646","11,530","11,385","11,429","13,043","13,043","13,298","13,298","13,298","13,298","13,298","13,298","12,622"
San Diego,Total Area Inventoried,"2,166,692","2,166,694","2,166,693","2,166,691","2,166,692","2,166,692","2,166,693","2,166,693","2,166,692","2,166,692","2,166,693","2,166,692","2,166,694","2,166,691","2,166,691","2,166,692","2,166,691"
Shasta, Prime Farmland,"19,534","19,638","19,968","21,581","21,602","21,673","21,502","20,218","19,814","15,717","14,846","13,282","12,289","11,082","10,596","10,509","10,490"
Shasta, Farmland of Statewide Importance,"4,369","4,393","4,396","4,748","4,752","4,713","4,685","4,583","4,714","4,222","4,058","3,445","3,287","2,929","2,770","2,741","2,662"
Shasta, Unique Farmland,251,245,259,346,346,402,402,358,405,940,763,488,509,498,511,515,492
Shasta, Farmland of Local Importance,"6,541","6,637","6,957","10,968","11,120","10,366","10,212","10,172","10,416","9,482","9,171","8,513","6,104","5,208","5,304","5,413","5,363"
Shasta,Important Farmland Subtotal,"30,695","30,913","31,580","37,643","37,820","37,154","36,801","35,331","35,349","30,361","28,838","25,728","22,189","19,717","19,181","19,178","19,007"
Shasta, Grazing Land ,"418,481","418,043","416,885","411,067","410,505","410,237","410,145","409,926","409,479","412,225","408,927","409,615","412,731","414,053","414,276","414,168","414,181"
Shasta,Agricultural Land Subtotal,"449,176","448,956","448,465","448,710","448,325","447,391","446,946","445,257","444,828","442,586","437,765","435,343","434,920","433,770","433,457","433,346","433,188"
Shasta, Urban and Built-Up Land,"24,333","25,061","25,497","27,140","28,731","29,765","30,014","31,252","32,656","33,615","35,524","36,524","36,640","36,931","37,039","37,167","37,475"
Shasta, Other Land,"542,219","541,710","541,764","539,829","538,623","538,495","538,217","538,829","537,854","539,138","542,049","543,469","543,773","544,630","544,835","544,841","544,658"
Shasta, Water Area,"5,484","5,486","5,486","5,533","5,533","5,560","6,035","5,875","5,875","5,875","5,875","5,875","5,875","5,878","5,878","5,877","5,903"
Shasta,Total Area Inventoried,"1,021,212","1,021,213","1,021,212","1,021,212","1,021,212","1,021,211","1,021,212","1,021,213","1,021,213","1,021,214","1,021,213","1,021,211","1,021,208","1,021,209","1,021,209","1,021,231","1,021,224"
Siskiyou, Prime Farmland,,,,,,,"92,373","92,890","92,982","93,046","79,822","77,573","77,208","74,245","74,793","70,724","71,456"
Siskiyou, Farmland of Statewide Importance,,,,,,,"30,714","30,619","30,588","31,525","28,747","28,121","27,678","26,728","27,304","25,963","25,799"
Siskiyou, Unique Farmland,,,,,,,"30,618","34,148","35,034","34,691","33,713","33,271","33,008","33,584","34,837","35,365","36,486"
Siskiyou, Farmland of Local Importance,,,,,,,"657,125","653,331","652,039","626,964","620,165","623,070","616,670","624,523","619,545","622,245","622,840"
Siskiyou,Important Farmland Subtotal,,,,,,,"810,830","810,988","810,643","786,226","762,447","762,035","754,564","759,080","756,479","754,297","756,581"
Siskiyou, Grazing Land ,,,,,,,"377,765","376,289","376,205","393,253","386,314","386,430","393,893","387,885","389,757","391,713","391,547"
Siskiyou,Agricultural Land Subtotal,,,,,,,"1,188,595","1,187,277","1,186,848","1,179,479","1,148,761","1,148,465","1,148,457","1,146,965","1,146,236","1,146,010","1,148,128"
Siskiyou, Urban and Built-Up Land,,,,,,,"12,907","12,890","13,167","15,376","15,376","15,607","15,605","15,775","15,861","15,879","15,978"
Siskiyou, Other Land,,,,,,,"59,605","62,726","62,878","68,039","98,755","98,819","98,831","100,152","100,795","101,012","98,737"
Siskiyou, Water Area,,,,,,,"20,185","18,399","18,399","18,399","18,399","18,399","18,399","18,399","18,399","18,399","18,453"
Siskiyou,Total Area Inventoried,,,,,,,"1,281,292","1,281,292","1,281,292","1,281,293","1,281,291","1,281,290","1,281,292","1,281,291","1,281,291","1,281,300","1,281,296"
San Joaquin, Prime Farmland,,,,"437,859","436,146","434,476","433,134","429,168","419,227","416,307","412,548","407,609","396,984","385,338","382,115","382,877","381,634"
San Joaquin, Farmland of Statewide Importance,,,,"100,277","99,566","99,148","98,163","96,795","93,739","92,559","91,225","89,274","86,297","83,308","82,160","82,271","82,618"
San Joaquin, Unique Farmland,,,,"46,863","47,086","47,206","48,759","52,715","59,118","61,030","62,534","63,232","66,621","69,482","72,053","76,415","81,920"
San Joaquin, Farmland of Local Importance,,,,"53,145","53,031","54,267","53,479","53,682","58,906","56,506","57,808","59,965","65,788","76,869","76,405","73,429","68,903"
San Joaquin,Important Farmland Subtotal,,,,"638,144","635,829","635,097","633,535","632,360","630,990","626,402","624,115","620,080","615,690","614,997","612,733","614,992","615,075"
San Joaquin, Grazing Land ,,,,"157,874","157,728","157,409","156,185","152,699","150,341","148,712","147,653","144,933","142,460","139,236","135,896","132,950","129,760"
San Joaquin,Agricultural Land Subtotal,,,,"796,018","793,557","792,506","789,720","785,059","781,331","775,114","771,768","765,013","758,150","754,233","748,629","747,942","744,835"
San Joaquin, Urban and Built-Up Land,,,,"63,777","66,315","67,590","69,739","71,596","74,149","80,360","83,407","87,832","90,529","91,930","93,278","93,888","95,329"
San Joaquin, Other Land,,,,"42,618","42,540","42,268","42,905","44,297","45,473","45,480","45,777","47,982","52,141","54,661","58,925","59,002","60,602"
San Joaquin, Water Area ,,,,"10,187","10,187","10,235","10,236","11,648","11,648","11,648","11,648","11,773","11,773","11,773","11,764","11,764","11,836"
San Joaquin,Total Area Inventoried,,,,"912,600","912,599","912,599","912,600","912,600","912,601","912,602","912,600","912,600","912,593","912,597","912,596","912,596","912,602"
San Luis Obispo, Prime Farmland,"37,119","39,371","38,996","40,763","41,441","39,978","40,208","39,895","41,391","41,294","40,509","39,722","41,569","41,317","40,860","40,990","41,188"
San Luis Obispo, Farmland of Statewide Importance,"12,763","12,146","12,195","12,697","12,858","11,940","11,658","13,912","17,262","19,357","19,750","19,721","21,109","21,132","20,884","21,908","22,697"
San Luis Obispo, Unique Farmland,"24,811","27,256","27,145","27,829","28,177","26,803","26,749","30,098","34,979","38,613","35,697","36,411","38,777","39,950","39,979","43,225","45,175"
San Luis Obispo, Farmland of Local Importance,"317,349","316,529","283,189","277,106","277,443","280,779","278,987","273,867","261,911","179,797","180,410","174,552","309,081","307,326","304,401","289,309","288,127"
San Luis Obispo,Important Farmland Subtotal,"392,042","395,302","361,525","358,395","359,919","359,500","357,602","357,772","355,543","279,061","276,366","270,406","410,536","409,725","406,124","395,432","397,187"
San Luis Obispo, Grazing Land ,"648,684","639,380","667,867","665,970","663,754","662,835","662,367","661,939","661,737","749,786","750,811","742,004","1,183,042","1,181,015","1,183,035","1,189,777","1,189,168"
San Luis Obispo,Agricultural Land Subtotal,"1,040,726","1,034,682","1,029,392","1,024,365","1,023,673","1,022,335","1,019,969","1,019,711","1,017,280","1,028,847","1,027,177","1,012,410","1,593,578","1,590,740","1,589,159","1,585,209","1,586,355"
San Luis Obispo, Urban and Built-Up Land,"34,303","34,555","33,399","34,788","35,190","35,997","37,054","37,184","39,380","41,361","42,126","43,729","44,392","45,017","45,573","49,509","50,162"
San Luis Obispo, Other Land,"218,055","223,845","230,129","233,721","234,014","234,809","234,759","234,888","234,902","221,353","222,267","235,511","239,045","242,999","244,024","244,104","242,299"
San Luis Obispo, Water Area,"9,087","9,087","9,251","9,294","9,294","9,029","10,389","10,389","10,607","10,607","10,603","10,522","10,521","8,780","8,780","8,778","8,778"
San Luis Obispo,Total Area Inventoried,"1,302,171","1,302,169","1,302,171","1,302,168","1,302,171","1,302,170","1,302,171","1,302,172","1,302,169","1,302,168","1,302,173","1,302,172","1,887,536","1,887,536","1,887,536","1,887,600","1,887,594"
San Mateo, Prime Farmland,,,,"2,381","2,416","2,404","2,531","2,644","2,667","2,624","2,587","2,356","2,221","2,180","2,104","1,998","1,946"
San Mateo, Farmland of Statewide Importance,,,,219,198,198,177,177,177,205,187,185,142,145,146,146,141
San Mateo, Unique Farmland,,,,"2,443","2,645","2,621","2,739","2,963","3,066","2,656","2,659","2,387","2,182","2,272","2,194","2,101","2,149"
San Mateo, Farmland of Local Importance,,,,"4,126","4,094","4,030","4,024","3,933","3,969","3,518","3,504","3,496",937,694,677,573,716
San Mateo,Important Farmland Subtotal,,,,"9,169","9,353","9,253","9,471","9,717","9,879","9,003","8,937","8,424","5,482","5,291","5,121","4,818","4,952"
San Mateo, Grazing Land ,,,,"46,060","45,810","45,777","45,756","45,750","45,716","45,888","45,949","46,293","48,959","48,797","48,906","49,157","49,122"
San Mateo,Agricultural Land Subtotal,,,,"55,229","55,163","55,030","55,227","55,467","55,595","54,891","54,886","54,717","54,441","54,088","54,027","53,975","54,074"
San Mateo, Urban and Built-Up Land,,,,"69,528","69,696","70,135","70,158","70,830","71,133","71,160","71,283","71,691","71,872","72,511","72,565","72,569","74,361"
San Mateo, Other Land,,,,"163,010","162,907","162,601","162,387","161,418","160,986","161,664","161,547","161,309","161,405","161,119","161,126","161,176","159,089"
San Mateo, Water Area,,,,"65,684","65,684","65,684","65,679","65,735","65,735","65,734","65,734","65,734","65,734","65,734","65,734","65,733","65,929"
San Mateo,Total Area Inventoried,,,,"353,451","353,450","353,450","353,451","353,450","353,449","353,449","353,450","353,451","353,452","353,452","353,452","353,453","353,453"
Solano, Prime Farmland,"152,225","152,261","152,044","151,795","151,525","150,796","150,865","150,356","144,667","143,210","141,575","139,536","135,735","131,819","130,548","130,292","130,843"
Solano, Farmland of Statewide Importance,"12,620","12,293","12,084","12,125","11,580","11,345","11,498","11,088","10,772","7,582","7,286","7,164","7,038","6,368","6,429","6,545","6,674"
Solano, Unique Farmland,"16,112","15,972","17,211","13,641","13,469","13,380","13,504","13,969","14,495","13,736","12,012","11,037","10,526","9,274","8,958","9,222","10,346"
Solano, Farmland of Local Importance,0,0,0,0,0,0,0,0,0,0,0,0,0,0,0,0,0
Solano,Important Farmland Subtotal,"180,957","180,526","181,339","177,561","176,574","175,521","175,867","175,413","169,934","164,528","160,873","157,737","153,299","147,461","145,935","146,059","147,863"
Solano, Grazing Land ,"220,142","218,919","208,984","205,626","203,983","204,334","202,121","199,270","201,813","201,339","201,303","202,824","204,519","209,193","210,633","210,153","208,189"
Solano,Agricultural Land Subtotal,"401,099","399,445","390,323","383,187","380,557","379,855","377,988","374,683","371,747","365,867","362,176","360,561","357,818","356,654","356,568","356,212","356,052"
Solano, Urban and Built-Up Land,"40,171","40,610","41,594","46,066","48,374","48,651","51,015","53,130","53,801","55,434","57,717","58,628","59,157","59,592","60,027","60,488","60,826"
Solano, Other Land,"90,489","91,791","99,832","102,497","102,714","101,548","101,184","102,375","107,129","111,376","112,730","113,433","112,087","112,660","111,622","111,517","109,897"
Solano, Water Area,"50,612","50,524","50,622","50,621","50,726","52,316","52,182","52,182","49,695","49,696","49,749","49,749","53,311","53,462","54,153","54,153","55,591"
Solano,Total Area Inventoried,"582,371","582,370","582,371","582,371","582,371","582,370","582,369","582,370","582,372","582,373","582,372","582,371","582,373","582,368","582,370","582,370","582,366"
Sierra Valley, Prime Farmland,"4,065","4,143","3,745","3,827","3,277","3,238","3,336","9,693","9,015","8,336","8,792","8,969","8,724","6,600","6,159","5,728","5,334"
Sierra Valley, Farmland of Statewide Importance,"5,867","5,277","4,195","4,199","4,387","4,071","4,071","4,670","4,814","6,868","7,323","7,485","7,474","6,245","6,364","5,849","5,291"
Sierra Valley, Unique Farmland,"2,382","2,250","2,511","3,066","3,184","3,134","3,146","2,645","2,639","2,872","3,777","3,812","3,793","3,170","2,669","2,545","2,422"
Sierra Valley, Farmland of Local Importance,"73,372","73,681","75,377","74,801","75,035","75,469","75,358","91,833","92,493","92,163","90,196","89,902","89,302","92,963","93,535","94,583","95,327"
Sierra Valley,Important Farmland Subtotal,"85,686","85,351","85,828","85,893","85,883","85,912","85,911","108,841","108,961","110,239","110,088","110,168","109,293","108,978","108,727","108,705","108,374"
Sierra Valley, Grazing Land ,"108,922","108,982","108,289","108,103","108,087","108,066","108,065","80,705","80,099","78,695","78,834","78,642","79,500","79,576","79,820","79,750","79,982"
Sierra Valley,Agricultural Land Subtotal,"194,608","194,333","194,117","193,996","193,970","193,978","193,976","189,546","189,060","188,934","188,922","188,810","188,793","188,554","188,547","188,455","188,356"
Sierra Valley, Urban and Built-Up Land,709,679,711,719,745,745,745,745,832,811,811,990,999,"1,009","1,020","1,021","1,034"
Sierra Valley, Other Land,"2,422","2,729","2,863","2,975","2,975","2,975","2,975","7,406","7,803","7,950","7,963","7,896","7,903","8,165","8,161","8,300","8,383"
Sierra Valley, Water Area,32,32,80,80,80,74,75,75,75,75,75,75,75,45,45,0,0
Sierra Valley,Total Area Inventoried,"197,771","197,773","197,771","197,770","197,770","197,772","197,771","197,772","197,770","197,770","197,771","197,771","197,770","197,773","197,773","197,776","197,773"
Stanislaus, Prime Farmland,,,,,,,,,,,"262,045","256,605","256,166","253,434","251,722","252,700","249,967"
Stanislaus, Farmland of Statewide Importance,,,,,,,,,,,"29,747","29,925","31,448","31,475","31,763","32,182","33,172"
Stanislaus, Unique Farmland,,,,,,,,,,,"70,137","75,444","81,367","87,524","95,187","105,630","116,210"
Stanislaus, Farmland of Local Importance,,,,,,,,,,,"35,050","33,706","31,160","31,366","31,332","28,144","26,029"
Stanislaus,Important Farmland Subtotal,,,,,,,,,,,"396,979","395,680","400,141","403,799","410,004","418,656","425,378"
Stanislaus, Grazing Land ,,,,,,,,,,,"446,624","441,436","434,137","429,545","422,452","414,012","404,405"
Stanislaus,Agricultural Land Subtotal,,,,,,,,,,,"843,603","837,116","834,278","833,344","832,456","832,668","829,783"
Stanislaus, Urban and Built-Up Land,,,,,,,,,,,"61,675","63,192","63,971","64,529","64,823","65,017","66,230"
Stanislaus, Other Land,,,,,,,,,,,"57,423","62,394","64,456","64,830","65,428","65,022","66,680"
Stanislaus, Water Area,,,,,,,,,,,"7,467","7,467","7,466","7,465","7,465","7,465","7,481"
Stanislaus,Total Area Inventoried,,,,,,,,,,,"970,168","970,169","970,171","970,168","970,172","970,172","970,174"
Sutter, Prime Farmland,,,"170,907","170,754","170,714","170,554","170,171","170,229","168,493","166,019","166,202","165,817","165,315","162,673","161,503","161,019","161,105"
Sutter, Farmland of Statewide Importance,,,"116,559","115,773","114,777","114,027","113,441","113,680","111,505","109,760","107,742","107,194","106,597","105,395","104,576","104,003","103,981"
Sutter, Unique Farmland,,,"24,147","24,171","23,107","23,354","23,252","22,235","21,178","19,917","19,480","19,244","19,156","17,753","16,035","16,087","16,093"
Sutter, Farmland of Local Importance,,,0,0,0,0,0,0,0,0,0,0,0,0,0,0,0
Sutter,Important Farmland Subtotal,,,"311,613","310,698","308,598","307,935","306,864","306,144","301,176","295,696","293,424","292,255","291,068","285,821","282,114","281,109","281,179"
Sutter, Grazing Land ,,,"51,188","51,590","50,224","49,734","49,478","49,821","50,958","50,317","50,636","51,518","52,571","53,538","53,232","54,327","54,460"
Sutter,Agricultural Land Subtotal,,,"362,801","362,288","358,822","357,669","356,342","355,965","352,134","346,013","344,060","343,773","343,639","339,359","335,346","335,436","335,639"
Sutter, Urban and Built-Up Land,,,"8,533","9,010","9,948","10,354","10,618","10,669","11,362","11,850","12,582","12,928","13,230","13,559","13,611","13,607","13,617"
Sutter, Other Land,,,"16,327","16,333","18,861","19,610","20,718","21,044","24,060","29,693","30,914","30,855","30,562","34,514","38,475","38,386","38,171"
Sutter, Water Area,,,"1,779","1,808","1,808","1,807","1,762","1,762","1,883","1,883","1,883","1,883","1,883","1,883","1,883","1,883","1,883"
Sutter,Total Area Inventoried,,,"389,440","389,439","389,439","389,440","389,440","389,440","389,439","389,439","389,439","389,439","389,314","389,315","389,315","389,312","389,310"
Tehama, Prime Farmland,"81,484","81,657","82,511","82,584","83,741","79,698","77,153","77,603","73,770","70,339","64,788","63,707","63,038","62,176","62,428","62,447","63,444"
Tehama, Farmland of Statewide Importance,"20,951","20,977","21,076","21,144","21,548","20,004","18,651","19,436","19,762","19,565","17,336","17,284","17,231","17,303","17,669","18,693","19,716"
Tehama, Unique Farmland,"7,904","7,855","8,263","9,321","11,123","12,787","19,088","19,492","18,487","20,244","18,773","18,083","18,054","19,566","20,289","20,602","22,063"
Tehama, Farmland of Local Importance,"174,803","122,503","123,517","124,461","122,792","127,719","131,226","129,700","132,763","127,341","131,842","132,437","132,608","132,548","132,177","130,271","127,403"
Tehama,Important Farmland Subtotal,"285,142","232,992","235,367","237,510","239,204","240,208","246,118","246,231","244,782","237,489","232,739","231,511","230,931","231,593","232,563","232,013","232,626"
Tehama, Grazing Land,"669,212","720,880","718,217","716,235","714,376","712,634","706,585","706,332","706,027","1,549,716","1,549,708","1,550,096","1,549,800","1,547,951","1,546,847","1,545,447","1,545,803"
Tehama,Agricultural Land Subtotal,"954,354","953,872","953,584","953,745","953,580","952,842","952,703","952,563","950,809","1,787,205","1,782,447","1,781,607","1,780,731","1,779,544","1,779,410","1,777,460","1,778,429"
Tehama, Urban and Built-Up Land,"9,406","9,445","9,507","9,811","10,173","10,696","10,758","10,792","11,458","11,556","12,939","13,255","13,633","13,806","13,870","13,918","14,052"
Tehama, Other Land,"869,557","869,894","870,085","869,626","869,582","869,802","869,901","870,007","871,006","34,509","37,883","38,450","38,948","39,964","40,023","42,637","41,536"
Tehama, Water Area,"6,177","6,284","6,318","6,313","6,160","6,155","6,133","6,133","6,221","6,224","6,223","6,182","6,182","6,182","6,193","5,504","5,503"
Tehama,Total Area Inventoried,"1,839,494","1,839,495","1,839,494","1,839,495","1,839,495","1,839,495","1,839,495","1,839,495","1,839,494","1,839,494","1,839,492","1,839,494","1,839,494","1,839,496","1,839,496","1,839,519","1,839,520"
Tulare, Prime Farmland,,,,,,,,"396,125","393,029","387,620","384,388","379,760","375,119","370,251","368,527","366,414","366,136"
Tulare, Farmland of Statewide Importance,,,,,,,,"357,221","350,589","345,763","339,579","332,158","327,204","323,598","321,296","320,887","322,355"
Tulare, Unique Farmland,,,,,,,,"11,792","11,723","12,746","12,527","12,218","11,919","11,594","11,474","11,421","11,691"
Tulare, Farmland of Local Importance,,,,,,,,"110,042","125,263","126,815","137,436","143,826","150,193","154,549","158,823","160,450","157,937"
Tulare,Important Farmland Subtotal,,,,,,,,"875,180","880,604","872,944","873,930","867,962","864,435","859,992","860,120","859,172","858,119"
Tulare, Grazing Land ,,,,,,,,"439,955","434,047","440,550","440,620","440,135","439,851","440,042","439,940","439,962","439,934"
Tulare,Agricultural Land Subtotal,,,,,,,,"1,315,135","1,314,651","1,313,494","1,314,550","1,308,097","1,304,286","1,300,034","1,300,060","1,299,134","1,298,053"
Tulare, Urban and Built-Up Land,,,,,,,,"48,500","49,380","52,213","53,927","55,886","57,947","59,944","60,818","62,950","64,620"
Tulare, Other Land,,,,,,,,"217,607","217,182","215,506","212,740","217,228","218,980","221,231","220,331","219,184","218,593"
Tulare, Water Area,,,,,,,,"4,629","4,656","4,656","4,656","4,656","4,656","4,656","4,656","4,656","4,656"
Tulare,Total Area Inventoried,,,,,,,,"1,585,871","1,585,869","1,585,869","1,585,873","1,585,867","1,585,869","1,585,865","1,585,865","1,585,924","1,585,922"
Ventura, Prime Farmland,"57,138","55,587","54,246","53,574","53,284","53,026","52,141","51,818","48,573","47,877","47,192","45,431","43,791","42,422","41,570","41,143","40,976"
Ventura, Farmland of Statewide Importance,"39,917","39,327","38,779","38,278","38,082","37,811","37,611","37,700","35,792","35,204","34,978","34,230","33,841","33,484","33,337","33,045","32,992"
Ventura, Unique Farmland,"22,978","22,626","22,326","22,507","22,454","22,516","22,437","22,643","28,103","27,982","29,074","28,583","28,643","28,792","28,725","28,700","28,950"
Ventura, Farmland of Local Importance,"12,355","12,340","12,139","11,691","11,440","11,415","11,148","11,076","19,044","18,042","16,816","16,716","16,218","14,989","15,168","15,560","15,590"
Ventura,Important Farmland Subtotal,"132,388","129,880","127,490","126,050","125,260","124,768","123,337","123,237","131,512","129,105","128,060","124,960","122,493","119,687","118,800","118,448","118,508"
Ventura, Grazing Land ,"212,779","212,160","211,573","210,106","209,668","209,086","208,752","207,852","197,973","198,372","198,087","199,002","195,674","197,278","197,866","197,796","197,859"
Ventura,Agricultural Land Subtotal,"345,167","342,040","339,063","336,156","334,928","333,854","332,089","331,089","329,485","327,477","326,147","323,962","318,167","316,965","316,666","316,244","316,367"
Ventura, Urban and Built-Up Land,"77,613","80,657","83,603","87,859","89,035","91,541","92,883","95,522","97,236","99,789","101,841","102,874","104,280","105,233","105,461","105,671","105,966"
Ventura, Other Land,"130,036","130,118","130,272","128,922","128,974","127,524","127,041","125,403","125,291","124,746","124,021","125,174","129,563","129,816","129,887","130,104","129,688"
Ventura, Water Area,"3,137","3,137","3,015","3,015","3,015","3,033","3,939","3,939","3,939","3,939","3,939","3,939","3,939","3,939","3,939","3,939","3,938"
Ventura,Total Area Inventoried,"555,953","555,952","555,953","555,952","555,952","555,952","555,952","555,953","555,951","555,951","555,948","555,949","555,949","555,953","555,953","555,958","555,959"
Yolo, Prime Farmland,"272,952","272,845","274,876","274,196","271,963","270,403","269,149","265,915","261,461","261,648","259,637","257,893","255,193","252,081","250,693","250,345","250,558"
Yolo, Farmland of Statewide Importance,"23,758","24,171","24,638","23,562","19,158","18,740","18,805","18,202","18,031","18,007","18,123","16,988","16,793","16,412","17,298","18,861","19,529"
Yolo, Unique Farmland,"56,883","57,239","59,595","59,421","60,494","60,199","59,699","55,243","54,533","54,586","53,157","50,198","45,750","43,629","42,403","44,604","46,095"
Yolo, Farmland of Local Importance,"94,324","94,426","74,782","74,470","76,420","73,382","73,118","74,303","75,771","67,546","66,619","65,171","60,345","62,413","58,137","51,725","49,671"
Yolo,Important Farmland Subtotal,"447,917","448,681","433,891","431,649","428,035","422,724","420,771","413,663","409,796","401,787","397,536","390,250","378,081","374,535","368,531","365,535","365,853"
Yolo, Grazing Land ,"121,876","121,694","135,655","135,953","138,047","142,570","143,261","143,385","143,365","143,263","145,228","150,340","157,963","160,449","163,640","166,367","166,413"
Yolo,Agricultural Land Subtotal,"569,793","570,375","569,546","567,602","566,082","565,294","564,032","557,048","553,161","545,050","542,764","540,590","536,044","534,984","532,171","531,902","532,266"
Yolo, Urban and Built-Up Land,"20,855","21,147","21,541","22,471","23,137","23,861","24,472","25,586","25,957","27,216","28,512","29,341","30,225","30,536","30,835","31,049","31,348"
Yolo, Other Land,"55,890","55,026","55,550","56,430","56,807","56,927","57,577","63,446","66,513","73,365","74,356","75,706","79,370","80,127","82,639","82,694","82,036"
Yolo, Water Area,"6,913","6,903","6,814","6,949","7,425","7,371","7,371","7,371","7,821","7,821","7,821","7,815","7,814","7,804","7,804","7,804","7,804"
Yolo,Total Area Inventoried,"653,451","653,451","653,451","653,452","653,451","653,453","653,452","653,451","653,452","653,452","653,453","653,452","653,453","653,451","653,449","653,449","653,454"
Yuba, Prime Farmland,,,"51,624","51,880","45,564","45,919","46,491","45,785","44,484","43,618","42,676","41,993","41,371","39,484","39,947","39,070","39,324"
Yuba, Farmland of Statewide Importance,,,0,0,"10,923","10,973","11,001","11,032","10,991","11,293","11,094","11,020","10,975","10,829","10,854","10,769","10,882"
Yuba, Unique Farmland,,,"41,544","41,615","37,284","37,527","37,845","36,928","34,698","34,267","33,109","32,371","32,606","32,223","32,395","32,999","33,356"
Yuba, Farmland of Local Importance,,,0,0,0,0,0,0,0,0,0,0,0,0,0,0,0
Yuba,Important Farmland Subtotal,,,"93,168","93,495","93,771","94,419","95,337","93,745","90,173","89,178","86,879","85,384","84,952","82,536","83,196","82,838","83,562"
Yuba, Grazing Land ,,,"145,695","145,133","144,997","144,198","142,225","143,224","144,519","144,502","143,533","142,727","141,639","141,510","140,782","140,508","140,185"
Yuba,Agricultural Land Subtotal,,,"238,863","238,628","238,768","238,617","237,562","236,969","234,692","233,680","230,412","228,111","226,591","224,046","223,978","223,346","223,747"
Yuba, Urban and Built-Up Land,,,"10,609","10,725","10,838","10,952","11,110","11,180","11,544","11,837","12,082","13,083","13,669","14,025","14,065","14,181","14,256"
Yuba, Other Land,,,"155,757","155,874","155,622","155,659","156,953","157,476","159,292","160,011","163,034","163,993","165,126","167,313","167,341","167,862","167,329"
Yuba, Water Area,,,"6,590","6,590","6,590","6,590","6,192","6,192","6,289","6,289","6,289","6,629","6,629","6,629","6,629","6,629","6,685"
Yuba,Total Area Inventoried,,,"411,819","411,817","411,818","411,818","411,817","411,817","411,817","411,817","411,817","411,816","412,015","412,013","412,013","412,018","412,017"
Sonoma, Prime Farmland,"33,930","34,088","33,570","33,794","34,026","34,248","34,269","35,687","37,035","34,789","33,804","32,258","30,814","29,938","29,882","29,899","29,858"
Sonoma, Farmland of Statewide Importance,"11,318","13,225","13,101","13,179","15,145","15,549","15,684","16,778","18,921","19,356","18,623","17,735","17,252","17,192","17,213","17,203","17,482"
Sonoma, Unique Farmland,"15,797","18,580","19,719","20,721","21,809","22,087","22,163","25,037","30,289","33,787","33,299","32,180","32,106","32,924","33,079","33,398","34,043"
Sonoma, Farmland of Local Importance,"112,095","106,844","104,517","103,211","97,251","96,856","96,993","92,867","87,661","74,076","76,384","78,169","80,045","80,194","80,741","80,940","79,915"
Sonoma,Important Farmland Subtotal,"173,140","172,737","170,907","170,905","168,231","168,740","169,109","170,369","173,906","162,008","162,110","160,342","160,217","160,248","160,915","161,440","161,298"
Sonoma, Grazing Land ,"454,851","449,083","446,202","445,236","442,880","442,335","441,852","438,636","432,724","421,166","420,322","420,022","419,004","417,772","417,091","416,291","415,429"
Sonoma,Agricultural Land Subtotal,"627,991","621,820","617,109","616,141","611,111","611,075","610,961","609,005","606,630","583,174","582,432","580,364","579,221","578,020","578,006","577,731","576,727"
Sonoma, Urban and Built-Up Land,"58,584","55,961","58,993","60,322","62,943","63,250","64,067","66,178","70,137","72,847","72,935","74,231","74,741","75,213","75,258","75,602","75,805"
Sonoma, Other Land,"326,421","330,902","332,585","332,114","334,520","334,208","333,953","333,663","331,937","352,685","353,334","353,931","354,589","355,314","355,296","355,235","357,053"
Sonoma, Water Area ,"13,062","17,376","17,374","17,482","17,485","17,528","17,079","17,214","17,354","17,354","17,354","17,533","17,533","17,533","17,520","17,520","16,507"
Sonoma,Total Area Inventoried,"1,026,058","1,026,059","1,026,061","1,026,059","1,026,059","1,026,061","1,026,060","1,026,060","1,026,058","1,026,060","1,026,055","1,026,059","1,026,084","1,026,080","1,026,080","1,026,088","1,026,092"
