County,year,scenario,ref_annual_change,annual_change,change_mult
Alameda,2010,ssp2,3.1,3.1,1
Alameda,2020,ssp2,3.1,2.1,0.6774193548387097
Alameda,2030,ssp2,3.1,2.1,0.6774193548387097
Alameda,2040,ssp2,3.1,2.6,0.8387096774193549
Alameda,2050,ssp2,3.1,3.3,1.064516129032258
Alameda,2060,ssp2,3.1,3.4,1.096774193548387
Alameda,2070,ssp2,3.1,3,0.9677419354838709
Alameda,2080,ssp2,3.1,2.2,0.7096774193548387
Alameda,2090,ssp2,3.1,0.9,0.2903225806451613
Alameda,2100,ssp2,3.1,0,0
Alameda,2010,ssp5,3.1,3.1,1
Alameda,2020,ssp5,3.1,3.5,1.129032258064516
Alameda,2030,ssp5,3.1,5.8,1.8709677419354838
Alameda,2040,ssp5,3.1,7.3,2.354838709677419
Alameda,2050,ssp5,3.1,10.2,3.290322580645161
Alameda,2060,ssp5,3.1,11,3.5483870967741935
Alameda,2070,ssp5,3.1,12,3.8709677419354835
Alameda,2080,ssp5,3.1,11.1,3.5806451612903225
Alameda,2090,ssp5,3.1,6.8,2.193548387096774
Alameda,2100,ssp5,3.1,4.9,1.5806451612903227
Alpine,2010,ssp2,0.2,0.2,1
Alpine,2020,ssp2,0.2,0.1,0.5
Alpine,2030,ssp2,0.2,0,0
Alpine,2040,ssp2,0.2,0.1,0.5
Alpine,2050,ssp2,0.2,0.1,0.5
Alpine,2060,ssp2,0.2,0,0
Alpine,2070,ssp2,0.2,0.1,0.5
Alpine,2080,ssp2,0.2,0,0
Alpine,2090,ssp2,0.2,0.2,1
Alpine,2100,ssp2,0.2,0,0
Alpine,2010,ssp5,0.2,0.2,1
Alpine,2020,ssp5,0.2,0,0
Alpine,2030,ssp5,0.2,0,0
Alpine,2040,ssp5,0.2,0,0
Alpine,2050,ssp5,0.2,0,0
Alpine,2060,ssp5,0.2,0.1,0.5
Alpine,2070,ssp5,0.2,0,0
Alpine,2080,ssp5,0.2,0,0
Alpine,2090,ssp5,0.2,0,0
Alpine,2100,ssp5,0.2,0,0
Amador,2010,ssp2,1.2,1.2,1
Amador,2020,ssp2,1.2,0.1,0.08333333333333334
Amador,2030,ssp2,1.2,0,0
Amador,2040,ssp2,1.2,0,0
Amador,2050,ssp2,1.2,0,0
Amador,2060,ssp2,1.2,0,0
Amador,2070,ssp2,1.2,0,0
Amador,2080,ssp2,1.2,0,0
Amador,2090,ssp2,1.2,0,0
Amador,2100,ssp2,1.2,0,0
Amador,2010,ssp5,1.2,1.2,1
Amador,2020,ssp5,1.2,0.1,0.08333333333333334
Amador,2030,ssp5,1.2,0,0
Amador,2040,ssp5,1.2,0,0
Amador,2050,ssp5,1.2,0,0
Amador,2060,ssp5,1.2,0,0
Amador,2070,ssp5,1.2,0,0
Amador,2080,ssp5,1.2,0,0
Amador,2090,ssp5,1.2,0,0
Amador,2100,ssp5,1.2,0,0
Butte,2010,ssp2,2.4,2.4,1
Butte,2020,ssp2,2.4,1.7,0.7083333333333334
Butte,2030,ssp2,2.4,1.4,0.5833333333333334
Butte,2040,ssp2,2.4,1.6,0.6666666666666667
Butte,2050,ssp2,2.4,1.7,0.7083333333333334
Butte,2060,ssp2,2.4,1.6,0.6666666666666667
Butte,2070,ssp2,2.4,1.1,0.45833333333333337
Butte,2080,ssp2,2.4,0.8,0.33333333333333337
Butte,2090,ssp2,2.4,0.7,0.2916666666666667
Butte,2100,ssp2,2.4,0.6,0.25
Butte,2010,ssp5,2.4,2.4,1
Butte,2020,ssp5,2.4,1.4,0.5833333333333334
Butte,2030,ssp5,2.4,1.5,0.625
Butte,2040,ssp5,2.4,2.3,0.9583333333333333
Butte,2050,ssp5,2.4,2.4,1
Butte,2060,ssp5,2.4,2.5,1.0416666666666667
Butte,2070,ssp5,2.4,2.5,1.0416666666666667
Butte,2080,ssp5,2.4,2,0.8333333333333334
Butte,2090,ssp5,2.4,2,0.8333333333333334
Butte,2100,ssp5,2.4,2.6,1.0833333333333335
Calaveras,2010,ssp2,1.4,1.4,1
Calaveras,2020,ssp2,1.4,0.2,0.14285714285714288
Calaveras,2030,ssp2,1.4,0,0
Calaveras,2040,ssp2,1.4,0,0
Calaveras,2050,ssp2,1.4,0,0
Calaveras,2060,ssp2,1.4,0,0
Calaveras,2070,ssp2,1.4,0,0
Calaveras,2080,ssp2,1.4,0,0
Calaveras,2090,ssp2,1.4,0,0
Calaveras,2100,ssp2,1.4,0,0
Calaveras,2010,ssp5,1.4,1.4,1
Calaveras,2020,ssp5,1.4,0.2,0.14285714285714288
Calaveras,2030,ssp5,1.4,0,0
Calaveras,2040,ssp5,1.4,0,0
Calaveras,2050,ssp5,1.4,0,0
Calaveras,2060,ssp5,1.4,0,0
Calaveras,2070,ssp5,1.4,0,0
Calaveras,2080,ssp5,1.4,0,0
Calaveras,2090,ssp5,1.4,0,0
Calaveras,2100,ssp5,1.4,0.2,0.14285714285714288
Colusa,2010,ssp2,0.01,0,0
Colusa,2020,ssp2,0.01,0.3,30
Colusa,2030,ssp2,0.01,0.1,10
Colusa,2040,ssp2,0.01,0.2,20
Colusa,2050,ssp2,0.01,0.3,30
Colusa,2060,ssp2,0.01,0.4,40
Colusa,2070,ssp2,0.01,0.1,10
Colusa,2080,ssp2,0.01,0,0
Colusa,2090,ssp2,0.01,0.1,10
Colusa,2100,ssp2,0.01,0,0
Colusa,2010,ssp5,0.01,0,0
Colusa,2020,ssp5,0.01,0.5,50
Colusa,2030,ssp5,0.01,0,0
Colusa,2040,ssp5,0.01,0.4,40
Colusa,2050,ssp5,0.01,0.5,50
Colusa,2060,ssp5,0.01,0.6,60
Colusa,2070,ssp5,0.01,0.7,70
Colusa,2080,ssp5,0.01,0.6,60
Colusa,2090,ssp5,0.01,0.2,20
Colusa,2100,ssp5,0.01,0.3,30
Contra Costa,2010,ssp2,7.8,7.8,1
Contra Costa,2020,ssp2,7.8,4.8,0.6153846153846154
Contra Costa,2030,ssp2,7.8,4.8,0.6153846153846154
Contra Costa,2040,ssp2,7.8,4,0.5128205128205129
Contra Costa,2050,ssp2,7.8,3.4,0.4358974358974359
Contra Costa,2060,ssp2,7.8,4.2,0.5384615384615385
Contra Costa,2070,ssp2,7.8,2.8,0.358974358974359
Contra Costa,2080,ssp2,7.8,2.1,0.2692307692307693
Contra Costa,2090,ssp2,7.8,1,0.12820512820512822
Contra Costa,2100,ssp2,7.8,0,0
Contra Costa,2010,ssp5,7.8,7.8,1
Contra Costa,2020,ssp5,7.8,7.7,0.9871794871794872
Contra Costa,2030,ssp5,7.8,9.7,1.2435897435897436
Contra Costa,2040,ssp5,7.8,9.1,1.1666666666666667
Contra Costa,2050,ssp5,7.8,10.2,1.3076923076923077
Contra Costa,2060,ssp5,7.8,8,1.0256410256410258
Contra Costa,2070,ssp5,7.8,7.4,0.9487179487179488
Contra Costa,2080,ssp5,7.8,4.2,0.5384615384615385
Contra Costa,2090,ssp5,7.8,5,0.6410256410256411
Contra Costa,2100,ssp5,7.8,3,0.38461538461538464
Del Norte,2010,ssp2,0.7,0.7,1
Del Norte,2020,ssp2,0.7,0,0
Del Norte,2030,ssp2,0.7,0,0
Del Norte,2040,ssp2,0.7,0,0
Del Norte,2050,ssp2,0.7,0,0
Del Norte,2060,ssp2,0.7,0,0
Del Norte,2070,ssp2,0.7,0,0
Del Norte,2080,ssp2,0.7,0,0
Del Norte,2090,ssp2,0.7,0,0
Del Norte,2100,ssp2,0.7,0,0
Del Norte,2010,ssp5,0.7,0.7,1
Del Norte,2020,ssp5,0.7,0.5,0.7142857142857143
Del Norte,2030,ssp5,0.7,0.7,1
Del Norte,2040,ssp5,0.7,0.5,0.7142857142857143
Del Norte,2050,ssp5,0.7,0.5,0.7142857142857143
Del Norte,2060,ssp5,0.7,0.8,1.142857142857143
Del Norte,2070,ssp5,0.7,0.5,0.7142857142857143
Del Norte,2080,ssp5,0.7,1,1.4285714285714286
Del Norte,2090,ssp5,0.7,0.8,1.142857142857143
Del Norte,2100,ssp5,0.7,1,1.4285714285714286
El Dorado,2010,ssp2,3.5,3.5,1
El Dorado,2020,ssp2,3.5,1.3,0.37142857142857144
El Dorado,2030,ssp2,3.5,1.8,0.5142857142857143
El Dorado,2040,ssp2,3.5,2.6,0.7428571428571429
El Dorado,2050,ssp2,3.5,2.3,0.6571428571428571
El Dorado,2060,ssp2,3.5,2.6,0.7428571428571429
El Dorado,2070,ssp2,3.5,2.5,0.7142857142857143
El Dorado,2080,ssp2,3.5,1.7,0.4857142857142857
El Dorado,2090,ssp2,3.5,0.7,0.19999999999999998
El Dorado,2100,ssp2,3.5,0,0
El Dorado,2010,ssp5,3.5,3.5,1
El Dorado,2020,ssp5,3.5,2.8,0.7999999999999999
El Dorado,2030,ssp5,3.5,4.5,1.2857142857142858
El Dorado,2040,ssp5,3.5,5.4,1.542857142857143
El Dorado,2050,ssp5,3.5,6.6,1.8857142857142857
El Dorado,2060,ssp5,3.5,10,2.857142857142857
El Dorado,2070,ssp5,3.5,9.3,2.6571428571428575
El Dorado,2080,ssp5,3.5,7.2,2.0571428571428574
El Dorado,2090,ssp5,3.5,6.3,1.8
El Dorado,2100,ssp5,3.5,5.7,1.6285714285714286
Fresno,2010,ssp2,5.1,5.1,1
Fresno,2020,ssp2,5.1,4.8,0.9411764705882353
Fresno,2030,ssp2,5.1,5.8,1.1372549019607843
Fresno,2040,ssp2,5.1,5.8,1.1372549019607843
Fresno,2050,ssp2,5.1,4.8,0.9411764705882353
Fresno,2060,ssp2,5.1,4.3,0.8431372549019608
Fresno,2070,ssp2,5.1,4.5,0.8823529411764707
Fresno,2080,ssp2,5.1,2.9,0.5686274509803921
Fresno,2090,ssp2,5.1,1.9,0.37254901960784315
Fresno,2100,ssp2,5.1,0.7,0.13725490196078433
Fresno,2010,ssp5,5.1,5.1,1
Fresno,2020,ssp5,5.1,7.9,1.5490196078431375
Fresno,2030,ssp5,5.1,8.5,1.6666666666666667
Fresno,2040,ssp5,5.1,11.1,2.1764705882352944
Fresno,2050,ssp5,5.1,10,1.9607843137254903
Fresno,2060,ssp5,5.1,11.8,2.3137254901960786
Fresno,2070,ssp5,5.1,11.3,2.215686274509804
Fresno,2080,ssp5,5.1,8.4,1.647058823529412
Fresno,2090,ssp5,5.1,9.6,1.8823529411764706
Fresno,2100,ssp5,5.1,7.2,1.411764705882353
Glenn,2010,ssp2,0.3,0.3,1
Glenn,2020,ssp2,0.3,0,0
Glenn,2030,ssp2,0.3,0.2,0.6666666666666667
Glenn,2040,ssp2,0.3,0.1,0.33333333333333337
Glenn,2050,ssp2,0.3,0.3,1
Glenn,2060,ssp2,0.3,0.3,1
Glenn,2070,ssp2,0.3,0.2,0.6666666666666667
Glenn,2080,ssp2,0.3,0,0
Glenn,2090,ssp2,0.3,0.2,0.6666666666666667
Glenn,2100,ssp2,0.3,0,0
Glenn,2010,ssp5,0.3,0.3,1
Glenn,2020,ssp5,0.3,0.3,1
Glenn,2030,ssp5,0.3,0.2,0.6666666666666667
Glenn,2040,ssp5,0.3,0.2,0.6666666666666667
Glenn,2050,ssp5,0.3,0.5,1.6666666666666667
Glenn,2060,ssp5,0.3,0.2,0.6666666666666667
Glenn,2070,ssp5,0.3,0.3,1
Glenn,2080,ssp5,0.3,0.2,0.6666666666666667
Glenn,2090,ssp5,0.3,0.2,0.6666666666666667
Glenn,2100,ssp5,0.3,0.4,1.3333333333333335
Humboldt,2010,ssp2,2.8,2.8,1
Humboldt,2020,ssp2,2.8,0.2,0.07142857142857144
Humboldt,2030,ssp2,2.8,0.1,0.03571428571428572
Humboldt,2040,ssp2,2.8,0,0
Humboldt,2050,ssp2,2.8,0,0
Humboldt,2060,ssp2,2.8,0,0
Humboldt,2070,ssp2,2.8,0,0
Humboldt,2080,ssp2,2.8,0,0
Humboldt,2090,ssp2,2.8,0,0
Humboldt,2100,ssp2,2.8,0,0
Humboldt,2010,ssp5,2.8,2.8,1
Humboldt,2020,ssp5,2.8,0.9,0.32142857142857145
Humboldt,2030,ssp5,2.8,1.6,0.5714285714285715
Humboldt,2040,ssp5,2.8,1.8,0.6428571428571429
Humboldt,2050,ssp5,2.8,1.5,0.5357142857142857
Humboldt,2060,ssp5,2.8,2.3,0.8214285714285714
Humboldt,2070,ssp5,2.8,2.6,0.9285714285714287
Humboldt,2080,ssp5,2.8,2.9,1.0357142857142858
Humboldt,2090,ssp5,2.8,3.4,1.2142857142857144
Humboldt,2100,ssp5,2.8,3,1.0714285714285714
Imperial,2010,ssp2,1.3,1.3,1
Imperial,2020,ssp2,1.3,6,4.615384615384615
Imperial,2030,ssp2,1.3,5.2,4
Imperial,2040,ssp2,1.3,4.4,3.3846153846153846
Imperial,2050,ssp2,1.3,3.4,2.6153846153846154
Imperial,2060,ssp2,1.3,4.3,3.3076923076923075
Imperial,2070,ssp2,1.3,2.7,2.076923076923077
Imperial,2080,ssp2,1.3,3.7,2.8461538461538463
Imperial,2090,ssp2,1.3,3.1,2.3846153846153846
Imperial,2100,ssp2,1.3,2.3,1.769230769230769
Imperial,2010,ssp5,1.3,1.3,1
Imperial,2020,ssp5,1.3,2.7,2.076923076923077
Imperial,2030,ssp5,1.3,4.2,3.230769230769231
Imperial,2040,ssp5,1.3,4.7,3.6153846153846154
Imperial,2050,ssp5,1.3,4.3,3.3076923076923075
Imperial,2060,ssp5,1.3,4.5,3.4615384615384612
Imperial,2070,ssp5,1.3,4.4,3.3846153846153846
Imperial,2080,ssp5,1.3,4.4,3.3846153846153846
Imperial,2090,ssp5,1.3,4.7,3.6153846153846154
Imperial,2100,ssp5,1.3,4.9,3.769230769230769
Inyo,2010,ssp2,0.1,0.1,1
Inyo,2020,ssp2,0.1,0.1,1
Inyo,2030,ssp2,0.1,0.2,2
Inyo,2040,ssp2,0.1,0.1,1
Inyo,2050,ssp2,0.1,0,0
Inyo,2060,ssp2,0.1,0,0
Inyo,2070,ssp2,0.1,0.1,1
Inyo,2080,ssp2,0.1,0,0
Inyo,2090,ssp2,0.1,0.1,1
Inyo,2100,ssp2,0.1,0.1,1
Inyo,2010,ssp5,0.1,0.1,1
Inyo,2020,ssp5,0.1,0.4,4
Inyo,2030,ssp5,0.1,0.1,1
Inyo,2040,ssp5,0.1,0.3,2.9999999999999996
Inyo,2050,ssp5,0.1,0.1,1
Inyo,2060,ssp5,0.1,0.3,2.9999999999999996
Inyo,2070,ssp5,0.1,0.8,8
Inyo,2080,ssp5,0.1,0.4,4
Inyo,2090,ssp5,0.1,0.2,2
Inyo,2100,ssp5,0.1,0.8,8
Kern,2010,ssp2,7.5,7.5,1
Kern,2020,ssp2,7.5,7.3,0.9733333333333333
Kern,2030,ssp2,7.5,8.7,1.16
Kern,2040,ssp2,7.5,8.2,1.0933333333333333
Kern,2050,ssp2,7.5,6.4,0.8533333333333334
Kern,2060,ssp2,7.5,7,0.9333333333333333
Kern,2070,ssp2,7.5,6.2,0.8266666666666667
Kern,2080,ssp2,7.5,6.5,0.8666666666666667
Kern,2090,ssp2,7.5,4.2,0.56
Kern,2100,ssp2,7.5,3.5,0.4666666666666667
Kern,2010,ssp5,7.5,7.5,1
Kern,2020,ssp5,7.5,8.5,1.1333333333333333
Kern,2030,ssp5,7.5,13.1,1.7466666666666666
Kern,2040,ssp5,7.5,13.7,1.8266666666666667
Kern,2050,ssp5,7.5,14.3,1.9066666666666667
Kern,2060,ssp5,7.5,16.1,2.146666666666667
Kern,2070,ssp5,7.5,12.2,1.6266666666666665
Kern,2080,ssp5,7.5,15.2,2.0266666666666664
Kern,2090,ssp5,7.5,12.4,1.6533333333333333
Kern,2100,ssp5,7.5,10.4,1.3866666666666667
Kings,2010,ssp2,0.8,0.8,1
Kings,2020,ssp2,0.8,5,6.25
Kings,2030,ssp2,0.8,3.9,4.875
Kings,2040,ssp2,0.8,4.7,5.875
Kings,2050,ssp2,0.8,3.3,4.124999999999999
Kings,2060,ssp2,0.8,3.9,4.875
Kings,2070,ssp2,0.8,2.2,2.75
Kings,2080,ssp2,0.8,1.5,1.875
Kings,2090,ssp2,0.8,2,2.5
Kings,2100,ssp2,0.8,1.5,1.875
Kings,2010,ssp5,0.8,0.8,1
Kings,2020,ssp5,0.8,1.2,1.4999999999999998
Kings,2030,ssp5,0.8,1.9,2.3749999999999996
Kings,2040,ssp5,0.8,2.6,3.25
Kings,2050,ssp5,0.8,2.5,3.125
Kings,2060,ssp5,0.8,2,2.5
Kings,2070,ssp5,0.8,2.3,2.8749999999999996
Kings,2080,ssp5,0.8,2.3,2.8749999999999996
Kings,2090,ssp5,0.8,1.7,2.125
Kings,2100,ssp5,0.8,2.3,2.8749999999999996
Lake,2010,ssp2,1.9,1.9,1
Lake,2020,ssp2,1.9,0,0
Lake,2030,ssp2,1.9,0,0
Lake,2040,ssp2,1.9,0,0
Lake,2050,ssp2,1.9,0,0
Lake,2060,ssp2,1.9,0,0
Lake,2070,ssp2,1.9,0,0
Lake,2080,ssp2,1.9,0,0
Lake,2090,ssp2,1.9,0,0
Lake,2100,ssp2,1.9,0,0
Lake,2010,ssp5,1.9,1.9,1
Lake,2020,ssp5,1.9,0.5,0.2631578947368421
Lake,2030,ssp5,1.9,2,1.0526315789473684
Lake,2040,ssp5,1.9,1.3,0.6842105263157895
Lake,2050,ssp5,1.9,1.2,0.631578947368421
Lake,2060,ssp5,1.9,1.9,1
Lake,2070,ssp5,1.9,3.2,1.6842105263157896
Lake,2080,ssp5,1.9,2.3,1.2105263157894737
Lake,2090,ssp5,1.9,2.6,1.368421052631579
Lake,2100,ssp5,1.9,2.7,1.4210526315789476
Lassen,2010,ssp2,0.4,0.4,1
Lassen,2020,ssp2,0.4,0,0
Lassen,2030,ssp2,0.4,0,0
Lassen,2040,ssp2,0.4,0,0
Lassen,2050,ssp2,0.4,0,0
Lassen,2060,ssp2,0.4,0,0
Lassen,2070,ssp2,0.4,0,0
Lassen,2080,ssp2,0.4,0,0
Lassen,2090,ssp2,0.4,0,0
Lassen,2100,ssp2,0.4,0,0
Lassen,2010,ssp5,0.4,0.4,1
Lassen,2020,ssp5,0.4,0.2,0.5
Lassen,2030,ssp5,0.4,0.3,0.7499999999999999
Lassen,2040,ssp5,0.4,0.2,0.5
Lassen,2050,ssp5,0.4,0.2,0.5
Lassen,2060,ssp5,0.4,0.3,0.7499999999999999
Lassen,2070,ssp5,0.4,0.3,0.7499999999999999
Lassen,2080,ssp5,0.4,0.3,0.7499999999999999
Lassen,2090,ssp5,0.4,1,2.5
Lassen,2100,ssp5,0.4,0.6,1.4999999999999998
Los Angeles,2010,ssp2,19.1,19.1,1
Los Angeles,2020,ssp2,19.1,30.3,1.5863874345549738
Los Angeles,2030,ssp2,19.1,36.4,1.9057591623036647
Los Angeles,2040,ssp2,19.1,33.4,1.7486910994764395
Los Angeles,2050,ssp2,19.1,31.1,1.6282722513089005
Los Angeles,2060,ssp2,19.1,35.4,1.8534031413612564
Los Angeles,2070,ssp2,19.1,30.7,1.607329842931937
Los Angeles,2080,ssp2,19.1,20.9,1.0942408376963348
Los Angeles,2090,ssp2,19.1,14.8,0.7748691099476439
Los Angeles,2100,ssp2,19.1,5.2,0.27225130890052357
Los Angeles,2010,ssp5,19.1,19.1,1
Los Angeles,2020,ssp5,19.1,41.5,2.1727748691099475
Los Angeles,2030,ssp5,19.1,60.5,3.1675392670157065
Los Angeles,2040,ssp5,19.1,59.1,3.094240837696335
Los Angeles,2050,ssp5,19.1,73.5,3.8481675392670156
Los Angeles,2060,ssp5,19.1,44.3,2.319371727748691
Los Angeles,2070,ssp5,19.1,12.5,0.6544502617801047
Los Angeles,2080,ssp5,19.1,0.5,0.026178010471204185
Los Angeles,2090,ssp5,19.1,0,0
Los Angeles,2100,ssp5,19.1,0,0
Madera,2010,ssp2,1.7,1.7,1
Madera,2020,ssp2,1.7,5.9,3.4705882352941178
Madera,2030,ssp2,1.7,5.7,3.3529411764705883
Madera,2040,ssp2,1.7,4.1,2.411764705882353
Madera,2050,ssp2,1.7,4.5,2.6470588235294117
Madera,2060,ssp2,1.7,3,1.7647058823529411
Madera,2070,ssp2,1.7,2.7,1.5882352941176472
Madera,2080,ssp2,1.7,2.8,1.6470588235294117
Madera,2090,ssp2,1.7,1.9,1.1176470588235294
Madera,2100,ssp2,1.7,0.7,0.4117647058823529
Madera,2010,ssp5,1.7,1.7,1
Madera,2020,ssp5,1.7,2.1,1.2352941176470589
Madera,2030,ssp5,1.7,2.2,1.2941176470588236
Madera,2040,ssp5,1.7,2.7,1.5882352941176472
Madera,2050,ssp5,1.7,3.2,1.8823529411764708
Madera,2060,ssp5,1.7,4,2.3529411764705883
Madera,2070,ssp5,1.7,3.2,1.8823529411764708
Madera,2080,ssp5,1.7,3.6,2.1176470588235294
Madera,2090,ssp5,1.7,3.2,1.8823529411764708
Madera,2100,ssp5,1.7,2.1,1.2352941176470589
Marin,2010,ssp2,1.9,1.9,1
Marin,2020,ssp2,1.9,0.7,0.3684210526315789
Marin,2030,ssp2,1.9,1.1,0.5789473684210527
Marin,2040,ssp2,1.9,1.3,0.6842105263157895
Marin,2050,ssp2,1.9,1.1,0.5789473684210527
Marin,2060,ssp2,1.9,0.9,0.4736842105263158
Marin,2070,ssp2,1.9,1,0.5263157894736842
Marin,2080,ssp2,1.9,0.5,0.2631578947368421
Marin,2090,ssp2,1.9,0.5,0.2631578947368421
Marin,2100,ssp2,1.9,0,0
Marin,2010,ssp5,1.9,1.9,1
Marin,2020,ssp5,1.9,1.8,0.9473684210526316
Marin,2030,ssp5,1.9,2.3,1.2105263157894737
Marin,2040,ssp5,1.9,2.3,1.2105263157894737
Marin,2050,ssp5,1.9,2.5,1.3157894736842106
Marin,2060,ssp5,1.9,3.1,1.6315789473684212
Marin,2070,ssp5,1.9,6.9,3.6315789473684212
Marin,2080,ssp5,1.9,4.6,2.4210526315789473
Marin,2090,ssp5,1.9,6.6,3.473684210526316
Marin,2100,ssp5,1.9,4.7,2.473684210526316
Mariposa,2010,ssp2,0.3,0.3,1
Mariposa,2020,ssp2,0.3,0,0
Mariposa,2030,ssp2,0.3,0,0
Mariposa,2040,ssp2,0.3,0,0
Mariposa,2050,ssp2,0.3,0,0
Mariposa,2060,ssp2,0.3,0,0
Mariposa,2070,ssp2,0.3,0,0
Mariposa,2080,ssp2,0.3,0,0
Mariposa,2090,ssp2,0.3,0,0
Mariposa,2100,ssp2,0.3,0,0
Mariposa,2010,ssp5,0.3,0.3,1
Mariposa,2020,ssp5,0.3,0,0
Mariposa,2030,ssp5,0.3,0,0
Mariposa,2040,ssp5,0.3,0,0
Mariposa,2050,ssp5,0.3,0,0
Mariposa,2060,ssp5,0.3,0,0
Mariposa,2070,ssp5,0.3,0,0
Mariposa,2080,ssp5,0.3,0,0
Mariposa,2090,ssp5,0.3,0,0
Mariposa,2100,ssp5,0.3,0,0
Mendocino,2010,ssp2,1.1,1.1,1
Mendocino,2020,ssp2,1.1,0.1,0.09090909090909091
Mendocino,2030,ssp2,1.1,0.1,0.09090909090909091
Mendocino,2040,ssp2,1.1,0,0
Mendocino,2050,ssp2,1.1,0.2,0.18181818181818182
Mendocino,2060,ssp2,1.1,0.4,0.36363636363636365
Mendocino,2070,ssp2,1.1,0.1,0.09090909090909091
Mendocino,2080,ssp2,1.1,0,0
Mendocino,2090,ssp2,1.1,0.1,0.09090909090909091
Mendocino,2100,ssp2,1.1,0,0
Mendocino,2010,ssp5,1.1,1.1,1
Mendocino,2020,ssp5,1.1,0.6,0.5454545454545454
Mendocino,2030,ssp5,1.1,0.9,0.8181818181818181
Mendocino,2040,ssp5,1.1,1.6,1.4545454545454546
Mendocino,2050,ssp5,1.1,1.9,1.727272727272727
Mendocino,2060,ssp5,1.1,1.4,1.2727272727272725
Mendocino,2070,ssp5,1.1,2.7,2.4545454545454546
Mendocino,2080,ssp5,1.1,2.5,2.2727272727272725
Mendocino,2090,ssp5,1.1,2.7,2.4545454545454546
Mendocino,2100,ssp5,1.1,2.1,1.909090909090909
Merced,2010,ssp2,2.6,2.6,1
Merced,2020,ssp2,2.6,4.4,1.6923076923076923
Merced,2030,ssp2,2.6,3.5,1.346153846153846
Merced,2040,ssp2,2.6,2.7,1.0384615384615385
Merced,2050,ssp2,2.6,2.3,0.8846153846153845
Merced,2060,ssp2,2.6,3.8,1.4615384615384615
Merced,2070,ssp2,2.6,2.4,0.923076923076923
Merced,2080,ssp2,2.6,1.6,0.6153846153846154
Merced,2090,ssp2,2.6,1.1,0.4230769230769231
Merced,2100,ssp2,2.6,0.7,0.2692307692307692
Merced,2010,ssp5,2.6,2.6,1
Merced,2020,ssp5,2.6,2.3,0.8846153846153845
Merced,2030,ssp5,2.6,3.2,1.2307692307692308
Merced,2040,ssp5,2.6,3.8,1.4615384615384615
Merced,2050,ssp5,2.6,3.1,1.1923076923076923
Merced,2060,ssp5,2.6,4.9,1.8846153846153846
Merced,2070,ssp5,2.6,3.7,1.4230769230769231
Merced,2080,ssp5,2.6,3.9,1.5
Merced,2090,ssp5,2.6,2.1,0.8076923076923077
Merced,2100,ssp5,2.6,3.2,1.2307692307692308
Modoc,2010,ssp2,0.1,0.1,1
Modoc,2020,ssp2,0.1,0,0
Modoc,2030,ssp2,0.1,0,0
Modoc,2040,ssp2,0.1,0,0
Modoc,2050,ssp2,0.1,0,0
Modoc,2060,ssp2,0.1,0,0
Modoc,2070,ssp2,0.1,0,0
Modoc,2080,ssp2,0.1,0,0
Modoc,2090,ssp2,0.1,0,0
Modoc,2100,ssp2,0.1,0,0
Modoc,2010,ssp5,0.1,0.1,1
Modoc,2020,ssp5,0.1,0,0
Modoc,2030,ssp5,0.1,0,0
Modoc,2040,ssp5,0.1,0,0
Modoc,2050,ssp5,0.1,0,0
Modoc,2060,ssp5,0.1,0,0
Modoc,2070,ssp5,0.1,0,0
Modoc,2080,ssp5,0.1,0,0
Modoc,2090,ssp5,0.1,0,0
Modoc,2100,ssp5,0.1,0,0
Mono,2010,ssp2,1.9,1.9,1
Mono,2020,ssp2,1.9,0,0
Mono,2030,ssp2,1.9,0,0
Mono,2040,ssp2,1.9,0,0
Mono,2050,ssp2,1.9,0,0
Mono,2060,ssp2,1.9,0,0
Mono,2070,ssp2,1.9,0,0
Mono,2080,ssp2,1.9,0,0
Mono,2090,ssp2,1.9,0,0
Mono,2100,ssp2,1.9,0,0
Mono,2010,ssp5,1.9,1.9,1
Mono,2020,ssp5,1.9,0.1,0.052631578947368425
Mono,2030,ssp5,1.9,0,0
Mono,2040,ssp5,1.9,0.2,0.10526315789473685
Mono,2050,ssp5,1.9,0,0
Mono,2060,ssp5,1.9,0.1,0.052631578947368425
Mono,2070,ssp5,1.9,0.1,0.052631578947368425
Mono,2080,ssp5,1.9,0,0
Mono,2090,ssp5,1.9,0,0
Mono,2100,ssp5,1.9,0,0
Monterey,2010,ssp2,2.3,2.3,1
Monterey,2020,ssp2,2.3,3.6,1.565217391304348
Monterey,2030,ssp2,2.3,2.6,1.1304347826086958
Monterey,2040,ssp2,2.3,3.6,1.565217391304348
Monterey,2050,ssp2,2.3,2.1,0.9130434782608696
Monterey,2060,ssp2,2.3,1.6,0.6956521739130436
Monterey,2070,ssp2,2.3,1.8,0.782608695652174
Monterey,2080,ssp2,2.3,0.8,0.3478260869565218
Monterey,2090,ssp2,2.3,0.1,0.04347826086956522
Monterey,2100,ssp2,2.3,0,0
Monterey,2010,ssp5,2.3,2.3,1
Monterey,2020,ssp5,2.3,2.8,1.2173913043478262
Monterey,2030,ssp5,2.3,4.4,1.9130434782608698
Monterey,2040,ssp5,2.3,4.3,1.8695652173913044
Monterey,2050,ssp5,2.3,5.8,2.5217391304347827
Monterey,2060,ssp5,2.3,5.6,2.4347826086956523
Monterey,2070,ssp5,2.3,5.6,2.4347826086956523
Monterey,2080,ssp5,2.3,3.6,1.565217391304348
Monterey,2090,ssp5,2.3,2.6,1.1304347826086958
Monterey,2100,ssp5,2.3,2.3,1
Napa,2010,ssp2,0.9,0.9,1
Napa,2020,ssp2,0.9,3.4,3.7777777777777777
Napa,2030,ssp2,0.9,3.4,3.7777777777777777
Napa,2040,ssp2,0.9,3.1,3.4444444444444446
Napa,2050,ssp2,0.9,2.9,3.222222222222222
Napa,2060,ssp2,0.9,1.7,1.8888888888888888
Napa,2070,ssp2,0.9,1.9,2.111111111111111
Napa,2080,ssp2,0.9,1.8,2
Napa,2090,ssp2,0.9,1.2,1.3333333333333333
Napa,2100,ssp2,0.9,0.5,0.5555555555555556
Napa,2010,ssp5,0.9,0.9,1
Napa,2020,ssp5,0.9,0.5,0.5555555555555556
Napa,2030,ssp5,0.9,1.5,1.6666666666666665
Napa,2040,ssp5,0.9,1.2,1.3333333333333333
Napa,2050,ssp5,0.9,0.9,1
Napa,2060,ssp5,0.9,1.8,2
Napa,2070,ssp5,0.9,1.7,1.8888888888888888
Napa,2080,ssp5,0.9,1.6,1.777777777777778
Napa,2090,ssp5,0.9,1.5,1.6666666666666665
Napa,2100,ssp5,0.9,1.8,2
Nevada,2010,ssp2,2,2,1
Nevada,2020,ssp2,2,0.3,0.15
Nevada,2030,ssp2,2,0,0
Nevada,2040,ssp2,2,0,0
Nevada,2050,ssp2,2,0,0
Nevada,2060,ssp2,2,0,0
Nevada,2070,ssp2,2,0,0
Nevada,2080,ssp2,2,0,0
Nevada,2090,ssp2,2,0,0
Nevada,2100,ssp2,2,0,0
Nevada,2010,ssp5,2,2,1
Nevada,2020,ssp5,2,0.8,0.4
Nevada,2030,ssp5,2,1.2,0.6
Nevada,2040,ssp5,2,0.3,0.15
Nevada,2050,ssp5,2,1.3,0.65
Nevada,2060,ssp5,2,2.1,1.05
Nevada,2070,ssp5,2,1.9,0.95
Nevada,2080,ssp5,2,2.8,1.4
Nevada,2090,ssp5,2,2.3,1.15
Nevada,2100,ssp5,2,1.9,0.95
Orange,2010,ssp2,2.6,2.6,1
Orange,2020,ssp2,2.6,6.2,2.3846153846153846
Orange,2030,ssp2,2.6,4.6,1.769230769230769
Orange,2040,ssp2,2.6,3.7,1.4230769230769231
Orange,2050,ssp2,2.6,3.2,1.2307692307692308
Orange,2060,ssp2,2.6,2.5,0.9615384615384615
Orange,2070,ssp2,2.6,2,0.7692307692307692
Orange,2080,ssp2,2.6,0.8,0.3076923076923077
Orange,2090,ssp2,2.6,1.3,0.5
Orange,2100,ssp2,2.6,0.4,0.15384615384615385
Orange,2010,ssp5,2.6,2.6,1
Orange,2020,ssp5,2.6,7.8,3
Orange,2030,ssp5,2.6,8.4,3.230769230769231
Orange,2040,ssp5,2.6,6.2,2.3846153846153846
Orange,2050,ssp5,2.6,5,1.923076923076923
Orange,2060,ssp5,2.6,2.2,0.8461538461538461
Orange,2070,ssp5,2.6,0.4,0.15384615384615385
Orange,2080,ssp5,2.6,0,0
Orange,2090,ssp5,2.6,0,0
Orange,2100,ssp5,2.6,0,0
Placer,2010,ssp2,5.5,5.5,1
Placer,2020,ssp2,5.5,3.2,0.5818181818181819
Placer,2030,ssp2,5.5,3.1,0.5636363636363636
Placer,2040,ssp2,5.5,3.3,0.6
Placer,2050,ssp2,5.5,3.1,0.5636363636363636
Placer,2060,ssp2,5.5,2.5,0.45454545454545453
Placer,2070,ssp2,5.5,2.1,0.38181818181818183
Placer,2080,ssp2,5.5,1.6,0.29090909090909095
Placer,2090,ssp2,5.5,0.7,0.12727272727272726
Placer,2100,ssp2,5.5,0.2,0.03636363636363637
Placer,2010,ssp5,5.5,5.5,1
Placer,2020,ssp5,5.5,5.8,1.0545454545454545
Placer,2030,ssp5,5.5,5.5,1
Placer,2040,ssp5,5.5,6,1.0909090909090908
Placer,2050,ssp5,5.5,4.7,0.8545454545454546
Placer,2060,ssp5,5.5,3.5,0.6363636363636364
Placer,2070,ssp5,5.5,2.6,0.4727272727272727
Placer,2080,ssp5,5.5,3.6,0.6545454545454545
Placer,2090,ssp5,5.5,3.4,0.6181818181818182
Placer,2100,ssp5,5.5,1.2,0.21818181818181817
Plumas,2010,ssp2,0.9,0.9,1
Plumas,2020,ssp2,0.9,0,0
Plumas,2030,ssp2,0.9,0,0
Plumas,2040,ssp2,0.9,0,0
Plumas,2050,ssp2,0.9,0,0
Plumas,2060,ssp2,0.9,0,0
Plumas,2070,ssp2,0.9,0,0
Plumas,2080,ssp2,0.9,0,0
Plumas,2090,ssp2,0.9,0,0
Plumas,2100,ssp2,0.9,0,0
Plumas,2010,ssp5,0.9,0.9,1
Plumas,2020,ssp5,0.9,0,0
Plumas,2030,ssp5,0.9,0,0
Plumas,2040,ssp5,0.9,0,0
Plumas,2050,ssp5,0.9,0,0
Plumas,2060,ssp5,0.9,0,0
Plumas,2070,ssp5,0.9,0,0
Plumas,2080,ssp5,0.9,0,0
Plumas,2090,ssp5,0.9,0,0
Plumas,2100,ssp5,0.9,0,0
Riverside,2010,ssp2,24.1,24.1,1
Riverside,2020,ssp2,24.1,8.2,0.3402489626556016
Riverside,2030,ssp2,24.1,8.6,0.3568464730290456
Riverside,2040,ssp2,24.1,8,0.33195020746887965
Riverside,2050,ssp2,24.1,5.8,0.24066390041493774
Riverside,2060,ssp2,24.1,4.8,0.1991701244813278
Riverside,2070,ssp2,24.1,4.4,0.18257261410788383
Riverside,2080,ssp2,24.1,2.3,0.09543568464730288
Riverside,2090,ssp2,24.1,1.6,0.06639004149377593
Riverside,2100,ssp2,24.1,0.2,0.008298755186721992
Riverside,2010,ssp5,24.1,24.1,1
Riverside,2020,ssp5,24.1,11.2,0.4647302904564315
Riverside,2030,ssp5,24.1,14.4,0.5975103734439834
Riverside,2040,ssp5,24.1,11,0.45643153526970953
Riverside,2050,ssp5,24.1,13.9,0.5767634854771784
Riverside,2060,ssp5,24.1,17.9,0.7427385892116182
Riverside,2070,ssp5,24.1,16.3,0.6763485477178424
Riverside,2080,ssp5,24.1,13.4,0.5560165975103735
Riverside,2090,ssp5,24.1,14,0.5809128630705394
Riverside,2100,ssp5,24.1,11.2,0.4647302904564315
Sacramento,2010,ssp2,4,4,1
Sacramento,2020,ssp2,4,1.8,0.45
Sacramento,2030,ssp2,4,1.3,0.325
Sacramento,2040,ssp2,4,0.9,0.225
Sacramento,2050,ssp2,4,0.5,0.125
Sacramento,2060,ssp2,4,0.9,0.225
Sacramento,2070,ssp2,4,0.9,0.225
Sacramento,2080,ssp2,4,0.6,0.15
Sacramento,2090,ssp2,4,0.5,0.125
Sacramento,2100,ssp2,4,0.1,0.025
Sacramento,2010,ssp5,4,4,1
Sacramento,2020,ssp5,4,2.5,0.625
Sacramento,2030,ssp5,4,2.4,0.6
Sacramento,2040,ssp5,4,2.1,0.525
Sacramento,2050,ssp5,4,1.8,0.45
Sacramento,2060,ssp5,4,2.7,0.675
Sacramento,2070,ssp5,4,2.8,0.7
Sacramento,2080,ssp5,4,2,0.5
Sacramento,2090,ssp5,4,1.6,0.4
Sacramento,2100,ssp5,4,0.8,0.2
San Benito,2010,ssp2,0.4,0.4,1
San Benito,2020,ssp2,0.4,0.4,1
San Benito,2030,ssp2,0.4,1.4,3.4999999999999996
San Benito,2040,ssp2,0.4,2.6,6.5
San Benito,2050,ssp2,0.4,2.8,6.999999999999999
San Benito,2060,ssp2,0.4,3.2,8
San Benito,2070,ssp2,0.4,2.7,6.75
San Benito,2080,ssp2,0.4,1.8,4.5
San Benito,2090,ssp2,0.4,1.1,2.75
San Benito,2100,ssp2,0.4,0.5,1.25
San Benito,2010,ssp5,0.4,0.4,1
San Benito,2020,ssp5,0.4,1.2,2.9999999999999996
San Benito,2030,ssp5,0.4,3.2,8
San Benito,2040,ssp5,0.4,5.5,13.75
San Benito,2050,ssp5,0.4,8.1,20.249999999999996
San Benito,2060,ssp5,0.4,7.6,18.999999999999996
San Benito,2070,ssp5,0.4,13,32.5
San Benito,2080,ssp5,0.4,11.1,27.749999999999996
San Benito,2090,ssp5,0.4,10.5,26.25
San Benito,2100,ssp5,0.4,10.1,25.249999999999996
San Bernardino,2010,ssp2,16.4,16.4,1
San Bernardino,2020,ssp2,16.4,8.8,0.5365853658536587
San Bernardino,2030,ssp2,16.4,11,0.6707317073170732
San Bernardino,2040,ssp2,16.4,10.1,0.6158536585365854
San Bernardino,2050,ssp2,16.4,6.3,0.38414634146341464
San Bernardino,2060,ssp2,16.4,8.2,0.5
San Bernardino,2070,ssp2,16.4,6.8,0.41463414634146345
San Bernardino,2080,ssp2,16.4,4.1,0.25
San Bernardino,2090,ssp2,16.4,1.5,0.09146341463414635
San Bernardino,2100,ssp2,16.4,0.1,0.006097560975609757
San Bernardino,2010,ssp5,16.4,16.4,1
San Bernardino,2020,ssp5,16.4,11.6,0.7073170731707318
San Bernardino,2030,ssp5,16.4,18.7,1.1402439024390245
San Bernardino,2040,ssp5,16.4,18.6,1.1341463414634148
San Bernardino,2050,ssp5,16.4,16.2,0.9878048780487805
San Bernardino,2060,ssp5,16.4,18.1,1.103658536585366
San Bernardino,2070,ssp5,16.4,17.5,1.0670731707317074
San Bernardino,2080,ssp5,16.4,14.6,0.8902439024390244
San Bernardino,2090,ssp5,16.4,11.4,0.6951219512195123
San Bernardino,2100,ssp5,16.4,8.3,0.5060975609756099
San Diego,2010,ssp2,16.1,16.1,1
San Diego,2020,ssp2,16.1,7.4,0.45962732919254656
San Diego,2030,ssp2,16.1,7.6,0.47204968944099374
San Diego,2040,ssp2,16.1,5.8,0.3602484472049689
San Diego,2050,ssp2,16.1,6.5,0.40372670807453415
San Diego,2060,ssp2,16.1,6.3,0.3913043478260869
San Diego,2070,ssp2,16.1,5.2,0.32298136645962733
San Diego,2080,ssp2,16.1,3.1,0.19254658385093165
San Diego,2090,ssp2,16.1,1.1,0.06832298136645963
San Diego,2100,ssp2,16.1,0.1,0.006211180124223602
San Diego,2010,ssp5,16.1,16.1,1
San Diego,2020,ssp5,16.1,11.9,0.7391304347826086
San Diego,2030,ssp5,16.1,12,0.7453416149068323
San Diego,2040,ssp5,16.1,15.5,0.9627329192546583
San Diego,2050,ssp5,16.1,15.8,0.9813664596273292
San Diego,2060,ssp5,16.1,17.5,1.0869565217391304
San Diego,2070,ssp5,16.1,17.1,1.062111801242236
San Diego,2080,ssp5,16.1,14.7,0.9130434782608694
San Diego,2090,ssp5,16.1,15.4,0.9565217391304347
San Diego,2100,ssp5,16.1,10.1,0.6273291925465838
San Francisco,2010,ssp2,0.1,0.1,1
San Francisco,2020,ssp2,0.1,0,0
San Francisco,2030,ssp2,0.1,0,0
San Francisco,2040,ssp2,0.1,0,0
San Francisco,2050,ssp2,0.1,0,0
San Francisco,2060,ssp2,0.1,0,0
San Francisco,2070,ssp2,0.1,0,0
San Francisco,2080,ssp2,0.1,0,0
San Francisco,2090,ssp2,0.1,0,0
San Francisco,2100,ssp2,0.1,0,0
San Francisco,2010,ssp5,0.1,0.1,1
San Francisco,2020,ssp5,0.1,0,0
San Francisco,2030,ssp5,0.1,0,0
San Francisco,2040,ssp5,0.1,0,0
San Francisco,2050,ssp5,0.1,0,0
San Francisco,2060,ssp5,0.1,0,0
San Francisco,2070,ssp5,0.1,0,0
San Francisco,2080,ssp5,0.1,0,0
San Francisco,2090,ssp5,0.1,0,0
San Francisco,2100,ssp5,0.1,0,0
San Joaquin,2010,ssp2,3.7,3.7,1
San Joaquin,2020,ssp2,3.7,1,0.27027027027027023
San Joaquin,2030,ssp2,3.7,2.8,0.7567567567567567
San Joaquin,2040,ssp2,3.7,2,0.5405405405405405
San Joaquin,2050,ssp2,3.7,2,0.5405405405405405
San Joaquin,2060,ssp2,3.7,2.2,0.5945945945945946
San Joaquin,2070,ssp2,3.7,2,0.5405405405405405
San Joaquin,2080,ssp2,3.7,1.1,0.2972972972972973
San Joaquin,2090,ssp2,3.7,0.6,0.16216216216216214
San Joaquin,2100,ssp2,3.7,0.2,0.05405405405405406
San Joaquin,2010,ssp5,3.7,3.7,1
San Joaquin,2020,ssp5,3.7,3.4,0.9189189189189189
San Joaquin,2030,ssp5,3.7,4.1,1.108108108108108
San Joaquin,2040,ssp5,3.7,5.5,1.4864864864864864
San Joaquin,2050,ssp5,3.7,4.7,1.2702702702702702
San Joaquin,2060,ssp5,3.7,4.7,1.2702702702702702
San Joaquin,2070,ssp5,3.7,6.1,1.6486486486486485
San Joaquin,2080,ssp5,3.7,3.9,1.054054054054054
San Joaquin,2090,ssp5,3.7,3.9,1.054054054054054
San Joaquin,2100,ssp5,3.7,2.2,0.5945945945945946
San Luis Obispo,2010,ssp2,3.5,3.5,1
San Luis Obispo,2020,ssp2,3.5,2.8,0.7999999999999999
San Luis Obispo,2030,ssp2,3.5,4.9,1.4000000000000001
San Luis Obispo,2040,ssp2,3.5,3,0.8571428571428571
San Luis Obispo,2050,ssp2,3.5,3.3,0.9428571428571428
San Luis Obispo,2060,ssp2,3.5,2.7,0.7714285714285715
San Luis Obispo,2070,ssp2,3.5,2.7,0.7714285714285715
San Luis Obispo,2080,ssp2,3.5,2.1,0.6
San Luis Obispo,2090,ssp2,3.5,0.8,0.2285714285714286
San Luis Obispo,2100,ssp2,3.5,1.1,0.31428571428571433
San Luis Obispo,2010,ssp5,3.5,3.5,1
San Luis Obispo,2020,ssp5,3.5,1,0.2857142857142857
San Luis Obispo,2030,ssp5,3.5,1.7,0.4857142857142857
San Luis Obispo,2040,ssp5,3.5,1.6,0.4571428571428572
San Luis Obispo,2050,ssp5,3.5,1.7,0.4857142857142857
San Luis Obispo,2060,ssp5,3.5,2.3,0.6571428571428571
San Luis Obispo,2070,ssp5,3.5,1.8,0.5142857142857143
San Luis Obispo,2080,ssp5,3.5,2.1,0.6
San Luis Obispo,2090,ssp5,3.5,1.4,0.39999999999999997
San Luis Obispo,2100,ssp5,3.5,0.5,0.14285714285714285
San Mateo,2010,ssp2,1.4,1.4,1
San Mateo,2020,ssp2,1.4,1.8,1.2857142857142858
San Mateo,2030,ssp2,1.4,0.5,0.35714285714285715
San Mateo,2040,ssp2,1.4,2.3,1.6428571428571428
San Mateo,2050,ssp2,1.4,1.2,0.8571428571428572
San Mateo,2060,ssp2,1.4,1.5,1.0714285714285714
San Mateo,2070,ssp2,1.4,0.5,0.35714285714285715
San Mateo,2080,ssp2,1.4,0.5,0.35714285714285715
San Mateo,2090,ssp2,1.4,0,0
San Mateo,2100,ssp2,1.4,0,0
San Mateo,2010,ssp5,1.4,1.4,1
San Mateo,2020,ssp5,1.4,2.7,1.9285714285714288
San Mateo,2030,ssp5,1.4,2.5,1.7857142857142858
San Mateo,2040,ssp5,1.4,2.3,1.6428571428571428
San Mateo,2050,ssp5,1.4,1.9,1.3571428571428572
San Mateo,2060,ssp5,1.4,2.2,1.5714285714285716
San Mateo,2070,ssp5,1.4,3.9,2.785714285714286
San Mateo,2080,ssp5,1.4,5.4,3.8571428571428577
San Mateo,2090,ssp5,1.4,6.6,4.714285714285714
San Mateo,2100,ssp5,1.4,5,3.5714285714285716
Santa Barbara,2010,ssp2,2.1,2.1,1
Santa Barbara,2020,ssp2,2.1,2.1,1
Santa Barbara,2030,ssp2,2.1,1.6,0.7619047619047619
Santa Barbara,2040,ssp2,2.1,0.5,0.23809523809523808
Santa Barbara,2050,ssp2,2.1,1.9,0.9047619047619047
Santa Barbara,2060,ssp2,2.1,1,0.47619047619047616
Santa Barbara,2070,ssp2,2.1,1.2,0.5714285714285714
Santa Barbara,2080,ssp2,2.1,0.5,0.23809523809523808
Santa Barbara,2090,ssp2,2.1,0.2,0.09523809523809523
Santa Barbara,2100,ssp2,2.1,0,0
Santa Barbara,2010,ssp5,2.1,2.1,1
Santa Barbara,2020,ssp5,2.1,3.3,1.5714285714285712
Santa Barbara,2030,ssp5,2.1,2.9,1.380952380952381
Santa Barbara,2040,ssp5,2.1,3.1,1.4761904761904763
Santa Barbara,2050,ssp5,2.1,3.8,1.8095238095238093
Santa Barbara,2060,ssp5,2.1,3.7,1.7619047619047619
Santa Barbara,2070,ssp5,2.1,3.1,1.4761904761904763
Santa Barbara,2080,ssp5,2.1,2.7,1.2857142857142858
Santa Barbara,2090,ssp5,2.1,2,0.9523809523809523
Santa Barbara,2100,ssp5,2.1,1.6,0.7619047619047619
Santa Clara,2010,ssp2,2.8,2.8,1
Santa Clara,2020,ssp2,2.8,4.8,1.7142857142857144
Santa Clara,2030,ssp2,2.8,6.9,2.4642857142857144
Santa Clara,2040,ssp2,2.8,7.3,2.607142857142857
Santa Clara,2050,ssp2,2.8,5.5,1.9642857142857144
Santa Clara,2060,ssp2,2.8,4.4,1.5714285714285716
Santa Clara,2070,ssp2,2.8,3.1,1.1071428571428572
Santa Clara,2080,ssp2,2.8,2.6,0.9285714285714287
Santa Clara,2090,ssp2,2.8,1.3,0.46428571428571436
Santa Clara,2100,ssp2,2.8,0.4,0.14285714285714288
Santa Clara,2010,ssp5,2.8,2.8,1
Santa Clara,2020,ssp5,2.8,8.9,3.178571428571429
Santa Clara,2030,ssp5,2.8,10.2,3.642857142857143
Santa Clara,2040,ssp5,2.8,9.8,3.5000000000000004
Santa Clara,2050,ssp5,2.8,10.7,3.8214285714285716
Santa Clara,2060,ssp5,2.8,10.1,3.607142857142857
Santa Clara,2070,ssp5,2.8,5.5,1.9642857142857144
Santa Clara,2080,ssp5,2.8,5.4,1.9285714285714288
Santa Clara,2090,ssp5,2.8,2.8,1
Santa Clara,2100,ssp5,2.8,2.2,0.7857142857142858
Santa Cruz,2010,ssp2,2.4,2.4,1
Santa Cruz,2020,ssp2,2.4,2.5,1.0416666666666667
Santa Cruz,2030,ssp2,2.4,1,0.4166666666666667
Santa Cruz,2040,ssp2,2.4,0.9,0.375
Santa Cruz,2050,ssp2,2.4,0.7,0.2916666666666667
Santa Cruz,2060,ssp2,2.4,0.9,0.375
Santa Cruz,2070,ssp2,2.4,1.1,0.45833333333333337
Santa Cruz,2080,ssp2,2.4,0.8,0.33333333333333337
Santa Cruz,2090,ssp2,2.4,0.5,0.20833333333333334
Santa Cruz,2100,ssp2,2.4,0.2,0.08333333333333334
Santa Cruz,2010,ssp5,2.4,2.4,1
Santa Cruz,2020,ssp5,2.4,0.7,0.2916666666666667
Santa Cruz,2030,ssp5,2.4,1.2,0.5
Santa Cruz,2040,ssp5,2.4,0.9,0.375
Santa Cruz,2050,ssp5,2.4,1.3,0.5416666666666667
Santa Cruz,2060,ssp5,2.4,1.1,0.45833333333333337
Santa Cruz,2070,ssp5,2.4,0.8,0.33333333333333337
Santa Cruz,2080,ssp5,2.4,1.2,0.5
Santa Cruz,2090,ssp5,2.4,0.7,0.2916666666666667
Santa Cruz,2100,ssp5,2.4,0.3,0.125
Shasta,2010,ssp2,2.9,2.9,1
Shasta,2020,ssp2,2.9,1.9,0.6551724137931034
Shasta,2030,ssp2,2.9,1.6,0.5517241379310345
Shasta,2040,ssp2,2.9,1.6,0.5517241379310345
Shasta,2050,ssp2,2.9,1.5,0.5172413793103449
Shasta,2060,ssp2,2.9,2,0.6896551724137931
Shasta,2070,ssp2,2.9,1.9,0.6551724137931034
Shasta,2080,ssp2,2.9,1.1,0.37931034482758624
Shasta,2090,ssp2,2.9,1.3,0.4482758620689655
Shasta,2100,ssp2,2.9,0.9,0.3103448275862069
Shasta,2010,ssp5,2.9,2.9,1
Shasta,2020,ssp5,2.9,0.8,0.27586206896551724
Shasta,2030,ssp5,2.9,0.9,0.3103448275862069
Shasta,2040,ssp5,2.9,1,0.3448275862068966
Shasta,2050,ssp5,2.9,1.5,0.5172413793103449
Shasta,2060,ssp5,2.9,1.8,0.6206896551724138
Shasta,2070,ssp5,2.9,2,0.6896551724137931
Shasta,2080,ssp5,2.9,1.8,0.6206896551724138
Shasta,2090,ssp5,2.9,2.9,1
Shasta,2100,ssp5,2.9,1.9,0.6551724137931034
Sierra Valley,2010,ssp2,0.1,0.1,1
Sierra Valley,2020,ssp2,0.1,0,0
Sierra Valley,2030,ssp2,0.1,0,0
Sierra Valley,2040,ssp2,0.1,0,0
Sierra Valley,2050,ssp2,0.1,0,0
Sierra Valley,2060,ssp2,0.1,0,0
Sierra Valley,2070,ssp2,0.1,0,0
Sierra Valley,2080,ssp2,0.1,0,0
Sierra Valley,2090,ssp2,0.1,0,0
Sierra Valley,2100,ssp2,0.1,0,0
Sierra Valley,2010,ssp5,0.1,0.1,1
Sierra Valley,2020,ssp5,0.1,0,0
Sierra Valley,2030,ssp5,0.1,0,0
Sierra Valley,2040,ssp5,0.1,0,0
Sierra Valley,2050,ssp5,0.1,0,0
Sierra Valley,2060,ssp5,0.1,0,0
Sierra Valley,2070,ssp5,0.1,0,0
Sierra Valley,2080,ssp5,0.1,0,0
Sierra Valley,2090,ssp5,0.1,0,0
Sierra Valley,2100,ssp5,0.1,0,0
Siskiyou,2010,ssp2,1,1,1
Siskiyou,2020,ssp2,1,0,0
Siskiyou,2030,ssp2,1,0,0
Siskiyou,2040,ssp2,1,0,0
Siskiyou,2050,ssp2,1,0,0
Siskiyou,2060,ssp2,1,0,0
Siskiyou,2070,ssp2,1,0,0
Siskiyou,2080,ssp2,1,0,0
Siskiyou,2090,ssp2,1,0,0
Siskiyou,2100,ssp2,1,0,0
Siskiyou,2010,ssp5,1,1,1
Siskiyou,2020,ssp5,1,0,0
Siskiyou,2030,ssp5,1,0,0
Siskiyou,2040,ssp5,1,0,0
Siskiyou,2050,ssp5,1,0,0
Siskiyou,2060,ssp5,1,0,0
Siskiyou,2070,ssp5,1,0.2,0.2
Siskiyou,2080,ssp5,1,0.1,0.1
Siskiyou,2090,ssp5,1,0,0
Siskiyou,2100,ssp5,1,0.1,0.1
Solano,2010,ssp2,2.3,2.3,1
Solano,2020,ssp2,2.3,1.1,0.47826086956521746
Solano,2030,ssp2,2.3,1.6,0.6956521739130436
Solano,2040,ssp2,2.3,1.4,0.6086956521739131
Solano,2050,ssp2,2.3,0.9,0.391304347826087
Solano,2060,ssp2,2.3,0.7,0.30434782608695654
Solano,2070,ssp2,2.3,1,0.4347826086956522
Solano,2080,ssp2,2.3,0.7,0.30434782608695654
Solano,2090,ssp2,2.3,0.6,0.2608695652173913
Solano,2100,ssp2,2.3,0.1,0.04347826086956522
Solano,2010,ssp5,2.3,2.3,1
Solano,2020,ssp5,2.3,1,0.4347826086956522
Solano,2030,ssp5,2.3,2.8,1.2173913043478262
Solano,2040,ssp5,2.3,2.2,0.9565217391304349
Solano,2050,ssp5,2.3,1.8,0.782608695652174
Solano,2060,ssp5,2.3,2.3,1
Solano,2070,ssp5,2.3,1.7,0.7391304347826088
Solano,2080,ssp5,2.3,1.8,0.782608695652174
Solano,2090,ssp5,2.3,1.2,0.5217391304347826
Solano,2100,ssp5,2.3,1,0.4347826086956522
Sonoma,2010,ssp2,4.8,4.8,1
Sonoma,2020,ssp2,4.8,0,0
Sonoma,2030,ssp2,4.8,0.9,0.1875
Sonoma,2040,ssp2,4.8,0.8,0.16666666666666669
Sonoma,2050,ssp2,4.8,0.6,0.125
Sonoma,2060,ssp2,4.8,0.7,0.14583333333333334
Sonoma,2070,ssp2,4.8,0.7,0.14583333333333334
Sonoma,2080,ssp2,4.8,0.3,0.0625
Sonoma,2090,ssp2,4.8,0,0
Sonoma,2100,ssp2,4.8,0,0
Sonoma,2010,ssp5,4.8,4.8,1
Sonoma,2020,ssp5,4.8,0.8,0.16666666666666669
Sonoma,2030,ssp5,4.8,3.3,0.6875
Sonoma,2040,ssp5,4.8,3.7,0.7708333333333334
Sonoma,2050,ssp5,4.8,3.5,0.7291666666666667
Sonoma,2060,ssp5,4.8,3.1,0.6458333333333334
Sonoma,2070,ssp5,4.8,3.5,0.7291666666666667
Sonoma,2080,ssp5,4.8,3.4,0.7083333333333334
Sonoma,2090,ssp5,4.8,2.4,0.5
Sonoma,2100,ssp5,4.8,2.1,0.43750000000000006
Stanislaus,2010,ssp2,2.7,2.7,1
Stanislaus,2020,ssp2,2.7,2.3,0.8518518518518517
Stanislaus,2030,ssp2,2.7,1.7,0.6296296296296295
Stanislaus,2040,ssp2,2.7,1.3,0.48148148148148145
Stanislaus,2050,ssp2,2.7,1.6,0.5925925925925926
Stanislaus,2060,ssp2,2.7,1.2,0.4444444444444444
Stanislaus,2070,ssp2,2.7,1.1,0.40740740740740744
Stanislaus,2080,ssp2,2.7,1.2,0.4444444444444444
Stanislaus,2090,ssp2,2.7,0.8,0.2962962962962963
Stanislaus,2100,ssp2,2.7,0.2,0.07407407407407407
Stanislaus,2010,ssp5,2.7,2.7,1
Stanislaus,2020,ssp5,2.7,3.3,1.222222222222222
Stanislaus,2030,ssp5,2.7,2.9,1.074074074074074
Stanislaus,2040,ssp5,2.7,3.3,1.222222222222222
Stanislaus,2050,ssp5,2.7,4.5,1.6666666666666665
Stanislaus,2060,ssp5,2.7,3.4,1.259259259259259
Stanislaus,2070,ssp5,2.7,3.4,1.259259259259259
Stanislaus,2080,ssp5,2.7,2.6,0.9629629629629629
Stanislaus,2090,ssp5,2.7,4.3,1.5925925925925923
Stanislaus,2100,ssp5,2.7,2.2,0.8148148148148149
Sutter,2010,ssp2,0.3,0.3,1
Sutter,2020,ssp2,0.3,1.9,6.333333333333333
Sutter,2030,ssp2,0.3,0.8,2.666666666666667
Sutter,2040,ssp2,0.3,0.6,2
Sutter,2050,ssp2,0.3,0.1,0.33333333333333337
Sutter,2060,ssp2,0.3,0.3,1
Sutter,2070,ssp2,0.3,0.1,0.33333333333333337
Sutter,2080,ssp2,0.3,0,0
Sutter,2090,ssp2,0.3,0,0
Sutter,2100,ssp2,0.3,0,0
Sutter,2010,ssp5,0.3,0.3,1
Sutter,2020,ssp5,0.3,1,3.3333333333333335
Sutter,2030,ssp5,0.3,1.2,4
Sutter,2040,ssp5,0.3,0.8,2.666666666666667
Sutter,2050,ssp5,0.3,0.3,1
Sutter,2060,ssp5,0.3,0.3,1
Sutter,2070,ssp5,0.3,0.1,0.33333333333333337
Sutter,2080,ssp5,0.3,0.3,1
Sutter,2090,ssp5,0.3,0.2,0.6666666666666667
Sutter,2100,ssp5,0.3,0,0
Tehama,2010,ssp2,1,1,1
Tehama,2020,ssp2,1,0.1,0.1
Tehama,2030,ssp2,1,0.3,0.3
Tehama,2040,ssp2,1,0.2,0.2
Tehama,2050,ssp2,1,0.4,0.4
Tehama,2060,ssp2,1,0.1,0.1
Tehama,2070,ssp2,1,0.2,0.2
Tehama,2080,ssp2,1,0.1,0.1
Tehama,2090,ssp2,1,0.2,0.2
Tehama,2100,ssp2,1,0.4,0.4
Tehama,2010,ssp5,1,1,1
Tehama,2020,ssp5,1,0.3,0.3
Tehama,2030,ssp5,1,0.7,0.7
Tehama,2040,ssp5,1,1.5,1.5
Tehama,2050,ssp5,1,1.2,1.2
Tehama,2060,ssp5,1,1.4,1.4
Tehama,2070,ssp5,1,3.2,3.2
Tehama,2080,ssp5,1,2.1,2.1
Tehama,2090,ssp5,1,3,3
Tehama,2100,ssp5,1,2.6,2.6
Trinity,2010,ssp2,0.2,0.2,1
Trinity,2020,ssp2,0.2,0.1,0.5
Trinity,2030,ssp2,0.2,0,0
Trinity,2040,ssp2,0.2,0,0
Trinity,2050,ssp2,0.2,0,0
Trinity,2060,ssp2,0.2,0,0
Trinity,2070,ssp2,0.2,0,0
Trinity,2080,ssp2,0.2,0,0
Trinity,2090,ssp2,0.2,0,0
Trinity,2100,ssp2,0.2,0,0
Trinity,2010,ssp5,0.2,0.2,1
Trinity,2020,ssp5,0.2,0.1,0.5
Trinity,2030,ssp5,0.2,0,0
Trinity,2040,ssp5,0.2,0,0
Trinity,2050,ssp5,0.2,0,0
Trinity,2060,ssp5,0.2,0,0
Trinity,2070,ssp5,0.2,0,0
Trinity,2080,ssp5,0.2,0,0
Trinity,2090,ssp5,0.2,0,0
Trinity,2100,ssp5,0.2,0,0
Tulare,2010,ssp2,4.1,4.1,1
Tulare,2020,ssp2,4.1,3.2,0.7804878048780489
Tulare,2030,ssp2,4.1,2.6,0.6341463414634148
Tulare,2040,ssp2,4.1,3.8,0.926829268292683
Tulare,2050,ssp2,4.1,3.2,0.7804878048780489
Tulare,2060,ssp2,4.1,2.6,0.6341463414634148
Tulare,2070,ssp2,4.1,3.9,0.951219512195122
Tulare,2080,ssp2,4.1,1.7,0.41463414634146345
Tulare,2090,ssp2,4.1,0.7,0.17073170731707318
Tulare,2100,ssp2,4.1,0.8,0.19512195121951223
Tulare,2010,ssp5,4.1,4.1,1
Tulare,2020,ssp5,4.1,4.5,1.0975609756097562
Tulare,2030,ssp5,4.1,5,1.2195121951219514
Tulare,2040,ssp5,4.1,6.6,1.6097560975609757
Tulare,2050,ssp5,4.1,7,1.707317073170732
Tulare,2060,ssp5,4.1,6.8,1.6585365853658538
Tulare,2070,ssp5,4.1,6.6,1.6097560975609757
Tulare,2080,ssp5,4.1,5.6,1.3658536585365855
Tulare,2090,ssp5,4.1,5.2,1.2682926829268295
Tulare,2100,ssp5,4.1,3.4,0.8292682926829269
Tuolumne,2010,ssp2,1.3,1.3,1
Tuolumne,2020,ssp2,1.3,0.2,0.15384615384615385
Tuolumne,2030,ssp2,1.3,0,0
Tuolumne,2040,ssp2,1.3,0,0
Tuolumne,2050,ssp2,1.3,0,0
Tuolumne,2060,ssp2,1.3,0,0
Tuolumne,2070,ssp2,1.3,0,0
Tuolumne,2080,ssp2,1.3,0,0
Tuolumne,2090,ssp2,1.3,0,0
Tuolumne,2100,ssp2,1.3,0,0
Tuolumne,2010,ssp5,1.3,1.3,1
Tuolumne,2020,ssp5,1.3,0.4,0.3076923076923077
Tuolumne,2030,ssp5,1.3,1.2,0.923076923076923
Tuolumne,2040,ssp5,1.3,1.4,1.0769230769230769
Tuolumne,2050,ssp5,1.3,1,0.7692307692307692
Tuolumne,2060,ssp5,1.3,1.3,1
Tuolumne,2070,ssp5,1.3,2.1,1.6153846153846154
Tuolumne,2080,ssp5,1.3,2.7,2.076923076923077
Tuolumne,2090,ssp5,1.3,1.9,1.4615384615384615
Tuolumne,2100,ssp5,1.3,1.9,1.4615384615384615
Ventura,2010,ssp2,3.4,3.4,1
Ventura,2020,ssp2,3.4,1.9,0.5588235294117647
Ventura,2030,ssp2,3.4,1.9,0.5588235294117647
Ventura,2040,ssp2,3.4,1.7,0.5
Ventura,2050,ssp2,3.4,1.2,0.35294117647058826
Ventura,2060,ssp2,3.4,1,0.29411764705882354
Ventura,2070,ssp2,3.4,1.5,0.4411764705882353
Ventura,2080,ssp2,3.4,0.4,0.11764705882352942
Ventura,2090,ssp2,3.4,0.4,0.11764705882352942
Ventura,2100,ssp2,3.4,0,0
Ventura,2010,ssp5,3.4,3.4,1
Ventura,2020,ssp5,3.4,3.6,1.0588235294117647
Ventura,2030,ssp5,3.4,3.8,1.1176470588235294
Ventura,2040,ssp5,3.4,2.8,0.8235294117647058
Ventura,2050,ssp5,3.4,3.5,1.0294117647058825
Ventura,2060,ssp5,3.4,3.3,0.9705882352941176
Ventura,2070,ssp5,3.4,3.3,0.9705882352941176
Ventura,2080,ssp5,3.4,4.3,1.2647058823529411
Ventura,2090,ssp5,3.4,3.3,0.9705882352941176
Ventura,2100,ssp5,3.4,3,0.8823529411764706
Yolo,2010,ssp2,0.4,0.4,1
Yolo,2020,ssp2,0.4,0.8,2
Yolo,2030,ssp2,0.4,0.2,0.5
Yolo,2040,ssp2,0.4,0.1,0.25
Yolo,2050,ssp2,0.4,0.1,0.25
Yolo,2060,ssp2,0.4,0.1,0.25
Yolo,2070,ssp2,0.4,0.2,0.5
Yolo,2080,ssp2,0.4,0.2,0.5
Yolo,2090,ssp2,0.4,0.1,0.25
Yolo,2100,ssp2,0.4,0,0
Yolo,2010,ssp5,0.4,0.4,1
Yolo,2020,ssp5,0.4,0.5,1.25
Yolo,2030,ssp5,0.4,0.6,1.4999999999999998
Yolo,2040,ssp5,0.4,0.4,1
Yolo,2050,ssp5,0.4,0.6,1.4999999999999998
Yolo,2060,ssp5,0.4,0.5,1.25
Yolo,2070,ssp5,0.4,0.6,1.4999999999999998
Yolo,2080,ssp5,0.4,0.4,1
Yolo,2090,ssp5,0.4,0.5,1.25
Yolo,2100,ssp5,0.4,0.4,1
Yuba,2010,ssp2,0.5,0.5,1
Yuba,2020,ssp2,0.5,1.6,3.2
Yuba,2030,ssp2,0.5,2.8,5.6
Yuba,2040,ssp2,0.5,3.1,6.2
Yuba,2050,ssp2,0.5,1.8,3.6
Yuba,2060,ssp2,0.5,1.8,3.6
Yuba,2070,ssp2,0.5,2.1,4.2
Yuba,2080,ssp2,0.5,1.9,3.8
Yuba,2090,ssp2,0.5,0.9,1.8
Yuba,2100,ssp2,0.5,1.1,2.2
Yuba,2010,ssp5,0.5,0.5,1
Yuba,2020,ssp5,0.5,0.4,0.8
Yuba,2030,ssp5,0.5,0.9,1.8
Yuba,2040,ssp5,0.5,1.8,3.6
Yuba,2050,ssp5,0.5,1.6,3.2
Yuba,2060,ssp5,0.5,2.3,4.6
Yuba,2070,ssp5,0.5,2.8,5.6
Yuba,2080,ssp5,0.5,3.3,6.6
Yuba,2090,ssp5,0.5,2.3,4.6
Yuba,2100,ssp5,0.5,2.1,4.2
Alameda,2010,ssp2,3.1,3.1,1
Alameda,2020,ssp2,3.1,2.1,0.6774193548387097
Alameda,2030,ssp2,3.1,2.1,0.6774193548387097
Alameda,2040,ssp2,3.1,2.6,0.8387096774193549
Alameda,2050,ssp2,3.1,3.3,1.064516129032258
Alameda,2060,ssp2,3.1,3.4,1.096774193548387
Alameda,2070,ssp2,3.1,3,0.9677419354838709
Alameda,2080,ssp2,3.1,2.2,0.7096774193548387
Alameda,2090,ssp2,3.1,0.9,0.2903225806451613
Alameda,2100,ssp2,3.1,0,0
Alameda,2010,ssp5,3.1,3.1,1
Alameda,2020,ssp5,3.1,3.5,1.129032258064516
Alameda,2030,ssp5,3.1,5.8,1.8709677419354838
Alameda,2040,ssp5,3.1,7.3,2.354838709677419
Alameda,2050,ssp5,3.1,10.2,3.290322580645161
Alameda,2060,ssp5,3.1,11,3.5483870967741935
Alameda,2070,ssp5,3.1,12,3.8709677419354835
Alameda,2080,ssp5,3.1,11.1,3.5806451612903225
Alameda,2090,ssp5,3.1,6.8,2.193548387096774
Alameda,2100,ssp5,3.1,4.9,1.5806451612903227
Alpine,2010,ssp2,0.2,0.2,1
Alpine,2020,ssp2,0.2,0.1,0.5
Alpine,2030,ssp2,0.2,0,0
Alpine,2040,ssp2,0.2,0.1,0.5
Alpine,2050,ssp2,0.2,0.1,0.5
Alpine,2060,ssp2,0.2,0,0
Alpine,2070,ssp2,0.2,0.1,0.5
Alpine,2080,ssp2,0.2,0,0
Alpine,2090,ssp2,0.2,0.2,1
Alpine,2100,ssp2,0.2,0,0
Alpine,2010,ssp5,0.2,0.2,1
Alpine,2020,ssp5,0.2,0,0
Alpine,2030,ssp5,0.2,0,0
Alpine,2040,ssp5,0.2,0,0
Alpine,2050,ssp5,0.2,0,0
Alpine,2060,ssp5,0.2,0.1,0.5
Alpine,2070,ssp5,0.2,0,0
Alpine,2080,ssp5,0.2,0,0
Alpine,2090,ssp5,0.2,0,0
Alpine,2100,ssp5,0.2,0,0
Amador,2010,ssp2,1.2,1.2,1
Amador,2020,ssp2,1.2,0.1,0.08333333333333334
Amador,2030,ssp2,1.2,0,0
Amador,2040,ssp2,1.2,0,0
Amador,2050,ssp2,1.2,0,0
Amador,2060,ssp2,1.2,0,0
Amador,2070,ssp2,1.2,0,0
Amador,2080,ssp2,1.2,0,0
Amador,2090,ssp2,1.2,0,0
Amador,2100,ssp2,1.2,0,0
Amador,2010,ssp5,1.2,1.2,1
Amador,2020,ssp5,1.2,0.1,0.08333333333333334
Amador,2030,ssp5,1.2,0,0
Amador,2040,ssp5,1.2,0,0
Amador,2050,ssp5,1.2,0,0
Amador,2060,ssp5,1.2,0,0
Amador,2070,ssp5,1.2,0,0
Amador,2080,ssp5,1.2,0,0
Amador,2090,ssp5,1.2,0,0
Amador,2100,ssp5,1.2,0,0
Butte,2010,ssp2,2.4,2.4,1
Butte,2020,ssp2,2.4,1.7,0.7083333333333334
Butte,2030,ssp2,2.4,1.4,0.5833333333333334
Butte,2040,ssp2,2.4,1.6,0.6666666666666667
Butte,2050,ssp2,2.4,1.7,0.7083333333333334
Butte,2060,ssp2,2.4,1.6,0.6666666666666667
Butte,2070,ssp2,2.4,1.1,0.45833333333333337
Butte,2080,ssp2,2.4,0.8,0.33333333333333337
Butte,2090,ssp2,2.4,0.7,0.2916666666666667
Butte,2100,ssp2,2.4,0.6,0.25
Butte,2010,ssp5,2.4,2.4,1
Butte,2020,ssp5,2.4,1.4,0.5833333333333334
Butte,2030,ssp5,2.4,1.5,0.625
Butte,2040,ssp5,2.4,2.3,0.9583333333333333
Butte,2050,ssp5,2.4,2.4,1
Butte,2060,ssp5,2.4,2.5,1.0416666666666667
Butte,2070,ssp5,2.4,2.5,1.0416666666666667
Butte,2080,ssp5,2.4,2,0.8333333333333334
Butte,2090,ssp5,2.4,2,0.8333333333333334
Butte,2100,ssp5,2.4,2.6,1.0833333333333335
Calaveras,2010,ssp2,1.4,1.4,1
Calaveras,2020,ssp2,1.4,0.2,0.14285714285714288
Calaveras,2030,ssp2,1.4,0,0
Calaveras,2040,ssp2,1.4,0,0
Calaveras,2050,ssp2,1.4,0,0
Calaveras,2060,ssp2,1.4,0,0
Calaveras,2070,ssp2,1.4,0,0
Calaveras,2080,ssp2,1.4,0,0
Calaveras,2090,ssp2,1.4,0,0
Calaveras,2100,ssp2,1.4,0,0
Calaveras,2010,ssp5,1.4,1.4,1
Calaveras,2020,ssp5,1.4,0.2,0.14285714285714288
Calaveras,2030,ssp5,1.4,0,0
Calaveras,2040,ssp5,1.4,0,0
Calaveras,2050,ssp5,1.4,0,0
Calaveras,2060,ssp5,1.4,0,0
Calaveras,2070,ssp5,1.4,0,0
Calaveras,2080,ssp5,1.4,0,0
Calaveras,2090,ssp5,1.4,0,0
Calaveras,2100,ssp5,1.4,0.2,0.14285714285714288
Colusa,2010,ssp2,0.01,0,0
Colusa,2020,ssp2,0.01,0.3,30
Colusa,2030,ssp2,0.01,0.1,10
Colusa,2040,ssp2,0.01,0.2,20
Colusa,2050,ssp2,0.01,0.3,30
Colusa,2060,ssp2,0.01,0.4,40
Colusa,2070,ssp2,0.01,0.1,10
Colusa,2080,ssp2,0.01,0,0
Colusa,2090,ssp2,0.01,0.1,10
Colusa,2100,ssp2,0.01,0,0
Colusa,2010,ssp5,0.01,0,0
Colusa,2020,ssp5,0.01,0.5,50
Colusa,2030,ssp5,0.01,0,0
Colusa,2040,ssp5,0.01,0.4,40
Colusa,2050,ssp5,0.01,0.5,50
Colusa,2060,ssp5,0.01,0.6,60
Colusa,2070,ssp5,0.01,0.7,70
Colusa,2080,ssp5,0.01,0.6,60
Colusa,2090,ssp5,0.01,0.2,20
Colusa,2100,ssp5,0.01,0.3,30
Contra Costa,2010,ssp2,7.8,7.8,1
Contra Costa,2020,ssp2,7.8,4.8,0.6153846153846154
Contra Costa,2030,ssp2,7.8,4.8,0.6153846153846154
Contra Costa,2040,ssp2,7.8,4,0.5128205128205129
Contra Costa,2050,ssp2,7.8,3.4,0.4358974358974359
Contra Costa,2060,ssp2,7.8,4.2,0.5384615384615385
Contra Costa,2070,ssp2,7.8,2.8,0.358974358974359
Contra Costa,2080,ssp2,7.8,2.1,0.2692307692307693
Contra Costa,2090,ssp2,7.8,1,0.12820512820512822
Contra Costa,2100,ssp2,7.8,0,0
Contra Costa,2010,ssp5,7.8,7.8,1
Contra Costa,2020,ssp5,7.8,7.7,0.9871794871794872
Contra Costa,2030,ssp5,7.8,9.7,1.2435897435897436
Contra Costa,2040,ssp5,7.8,9.1,1.1666666666666667
Contra Costa,2050,ssp5,7.8,10.2,1.3076923076923077
Contra Costa,2060,ssp5,7.8,8,1.0256410256410258
Contra Costa,2070,ssp5,7.8,7.4,0.9487179487179488
Contra Costa,2080,ssp5,7.8,4.2,0.5384615384615385
Contra Costa,2090,ssp5,7.8,5,0.6410256410256411
Contra Costa,2100,ssp5,7.8,3,0.38461538461538464
Del Norte,2010,ssp2,0.7,0.7,1
Del Norte,2020,ssp2,0.7,0,0
Del Norte,2030,ssp2,0.7,0,0
Del Norte,2040,ssp2,0.7,0,0
Del Norte,2050,ssp2,0.7,0,0
Del Norte,2060,ssp2,0.7,0,0
Del Norte,2070,ssp2,0.7,0,0
Del Norte,2080,ssp2,0.7,0,0
Del Norte,2090,ssp2,0.7,0,0
Del Norte,2100,ssp2,0.7,0,0
Del Norte,2010,ssp5,0.7,0.7,1
Del Norte,2020,ssp5,0.7,0.5,0.7142857142857143
Del Norte,2030,ssp5,0.7,0.7,1
Del Norte,2040,ssp5,0.7,0.5,0.7142857142857143
Del Norte,2050,ssp5,0.7,0.5,0.7142857142857143
Del Norte,2060,ssp5,0.7,0.8,1.142857142857143
Del Norte,2070,ssp5,0.7,0.5,0.7142857142857143
Del Norte,2080,ssp5,0.7,1,1.4285714285714286
Del Norte,2090,ssp5,0.7,0.8,1.142857142857143
Del Norte,2100,ssp5,0.7,1,1.4285714285714286
El Dorado,2010,ssp2,3.5,3.5,1
El Dorado,2020,ssp2,3.5,1.3,0.37142857142857144
El Dorado,2030,ssp2,3.5,1.8,0.5142857142857143
El Dorado,2040,ssp2,3.5,2.6,0.7428571428571429
El Dorado,2050,ssp2,3.5,2.3,0.6571428571428571
El Dorado,2060,ssp2,3.5,2.6,0.7428571428571429
El Dorado,2070,ssp2,3.5,2.5,0.7142857142857143
El Dorado,2080,ssp2,3.5,1.7,0.4857142857142857
El Dorado,2090,ssp2,3.5,0.7,0.19999999999999998
El Dorado,2100,ssp2,3.5,0,0
El Dorado,2010,ssp5,3.5,3.5,1
El Dorado,2020,ssp5,3.5,2.8,0.7999999999999999
El Dorado,2030,ssp5,3.5,4.5,1.2857142857142858
El Dorado,2040,ssp5,3.5,5.4,1.542857142857143
El Dorado,2050,ssp5,3.5,6.6,1.8857142857142857
El Dorado,2060,ssp5,3.5,10,2.857142857142857
El Dorado,2070,ssp5,3.5,9.3,2.6571428571428575
El Dorado,2080,ssp5,3.5,7.2,2.0571428571428574
El Dorado,2090,ssp5,3.5,6.3,1.8
El Dorado,2100,ssp5,3.5,5.7,1.6285714285714286
Fresno,2010,ssp2,5.1,5.1,1
Fresno,2020,ssp2,5.1,4.8,0.9411764705882353
Fresno,2030,ssp2,5.1,5.8,1.1372549019607843
Fresno,2040,ssp2,5.1,5.8,1.1372549019607843
Fresno,2050,ssp2,5.1,4.8,0.9411764705882353
Fresno,2060,ssp2,5.1,4.3,0.8431372549019608
Fresno,2070,ssp2,5.1,4.5,0.8823529411764707
Fresno,2080,ssp2,5.1,2.9,0.5686274509803921
Fresno,2090,ssp2,5.1,1.9,0.37254901960784315
Fresno,2100,ssp2,5.1,0.7,0.13725490196078433
Fresno,2010,ssp5,5.1,5.1,1
Fresno,2020,ssp5,5.1,7.9,1.5490196078431375
Fresno,2030,ssp5,5.1,8.5,1.6666666666666667
Fresno,2040,ssp5,5.1,11.1,2.1764705882352944
Fresno,2050,ssp5,5.1,10,1.9607843137254903
Fresno,2060,ssp5,5.1,11.8,2.3137254901960786
Fresno,2070,ssp5,5.1,11.3,2.215686274509804
Fresno,2080,ssp5,5.1,8.4,1.647058823529412
Fresno,2090,ssp5,5.1,9.6,1.8823529411764706
Fresno,2100,ssp5,5.1,7.2,1.411764705882353
Glenn,2010,ssp2,0.3,0.3,1
Glenn,2020,ssp2,0.3,0,0
Glenn,2030,ssp2,0.3,0.2,0.6666666666666667
Glenn,2040,ssp2,0.3,0.1,0.33333333333333337
Glenn,2050,ssp2,0.3,0.3,1
Glenn,2060,ssp2,0.3,0.3,1
Glenn,2070,ssp2,0.3,0.2,0.6666666666666667
Glenn,2080,ssp2,0.3,0,0
Glenn,2090,ssp2,0.3,0.2,0.6666666666666667
Glenn,2100,ssp2,0.3,0,0
Glenn,2010,ssp5,0.3,0.3,1
Glenn,2020,ssp5,0.3,0.3,1
Glenn,2030,ssp5,0.3,0.2,0.6666666666666667
Glenn,2040,ssp5,0.3,0.2,0.6666666666666667
Glenn,2050,ssp5,0.3,0.5,1.6666666666666667
Glenn,2060,ssp5,0.3,0.2,0.6666666666666667
Glenn,2070,ssp5,0.3,0.3,1
Glenn,2080,ssp5,0.3,0.2,0.6666666666666667
Glenn,2090,ssp5,0.3,0.2,0.6666666666666667
Glenn,2100,ssp5,0.3,0.4,1.3333333333333335
Humboldt,2010,ssp2,2.8,2.8,1
Humboldt,2020,ssp2,2.8,0.2,0.07142857142857144
Humboldt,2030,ssp2,2.8,0.1,0.03571428571428572
Humboldt,2040,ssp2,2.8,0,0
Humboldt,2050,ssp2,2.8,0,0
Humboldt,2060,ssp2,2.8,0,0
Humboldt,2070,ssp2,2.8,0,0
Humboldt,2080,ssp2,2.8,0,0
Humboldt,2090,ssp2,2.8,0,0
Humboldt,2100,ssp2,2.8,0,0
Humboldt,2010,ssp5,2.8,2.8,1
Humboldt,2020,ssp5,2.8,0.9,0.32142857142857145
Humboldt,2030,ssp5,2.8,1.6,0.5714285714285715
Humboldt,2040,ssp5,2.8,1.8,0.6428571428571429
Humboldt,2050,ssp5,2.8,1.5,0.5357142857142857
Humboldt,2060,ssp5,2.8,2.3,0.8214285714285714
Humboldt,2070,ssp5,2.8,2.6,0.9285714285714287
Humboldt,2080,ssp5,2.8,2.9,1.0357142857142858
Humboldt,2090,ssp5,2.8,3.4,1.2142857142857144
Humboldt,2100,ssp5,2.8,3,1.0714285714285714
Imperial,2010,ssp2,1.3,1.3,1
Imperial,2020,ssp2,1.3,6,4.615384615384615
Imperial,2030,ssp2,1.3,5.2,4
Imperial,2040,ssp2,1.3,4.4,3.3846153846153846
Imperial,2050,ssp2,1.3,3.4,2.6153846153846154
Imperial,2060,ssp2,1.3,4.3,3.3076923076923075
Imperial,2070,ssp2,1.3,2.7,2.076923076923077
Imperial,2080,ssp2,1.3,3.7,2.8461538461538463
Imperial,2090,ssp2,1.3,3.1,2.3846153846153846
Imperial,2100,ssp2,1.3,2.3,1.769230769230769
Imperial,2010,ssp5,1.3,1.3,1
Imperial,2020,ssp5,1.3,2.7,2.076923076923077
Imperial,2030,ssp5,1.3,4.2,3.230769230769231
Imperial,2040,ssp5,1.3,4.7,3.6153846153846154
Imperial,2050,ssp5,1.3,4.3,3.3076923076923075
Imperial,2060,ssp5,1.3,4.5,3.4615384615384612
Imperial,2070,ssp5,1.3,4.4,3.3846153846153846
Imperial,2080,ssp5,1.3,4.4,3.3846153846153846
Imperial,2090,ssp5,1.3,4.7,3.6153846153846154
Imperial,2100,ssp5,1.3,4.9,3.769230769230769
Inyo,2010,ssp2,0.1,0.1,1
Inyo,2020,ssp2,0.1,0.1,1
Inyo,2030,ssp2,0.1,0.2,2
Inyo,2040,ssp2,0.1,0.1,1
Inyo,2050,ssp2,0.1,0,0
Inyo,2060,ssp2,0.1,0,0
Inyo,2070,ssp2,0.1,0.1,1
Inyo,2080,ssp2,0.1,0,0
Inyo,2090,ssp2,0.1,0.1,1
Inyo,2100,ssp2,0.1,0.1,1
Inyo,2010,ssp5,0.1,0.1,1
Inyo,2020,ssp5,0.1,0.4,4
Inyo,2030,ssp5,0.1,0.1,1
Inyo,2040,ssp5,0.1,0.3,2.9999999999999996
Inyo,2050,ssp5,0.1,0.1,1
Inyo,2060,ssp5,0.1,0.3,2.9999999999999996
Inyo,2070,ssp5,0.1,0.8,8
Inyo,2080,ssp5,0.1,0.4,4
Inyo,2090,ssp5,0.1,0.2,2
Inyo,2100,ssp5,0.1,0.8,8
Kern,2010,ssp2,7.5,7.5,1
Kern,2020,ssp2,7.5,7.3,0.9733333333333333
Kern,2030,ssp2,7.5,8.7,1.16
Kern,2040,ssp2,7.5,8.2,1.0933333333333333
Kern,2050,ssp2,7.5,6.4,0.8533333333333334
Kern,2060,ssp2,7.5,7,0.9333333333333333
Kern,2070,ssp2,7.5,6.2,0.8266666666666667
Kern,2080,ssp2,7.5,6.5,0.8666666666666667
Kern,2090,ssp2,7.5,4.2,0.56
Kern,2100,ssp2,7.5,3.5,0.4666666666666667
Kern,2010,ssp5,7.5,7.5,1
Kern,2020,ssp5,7.5,8.5,1.1333333333333333
Kern,2030,ssp5,7.5,13.1,1.7466666666666666
Kern,2040,ssp5,7.5,13.7,1.8266666666666667
Kern,2050,ssp5,7.5,14.3,1.9066666666666667
Kern,2060,ssp5,7.5,16.1,2.146666666666667
Kern,2070,ssp5,7.5,12.2,1.6266666666666665
Kern,2080,ssp5,7.5,15.2,2.0266666666666664
Kern,2090,ssp5,7.5,12.4,1.6533333333333333
Kern,2100,ssp5,7.5,10.4,1.3866666666666667
Kings,2010,ssp2,0.8,0.8,1
Kings,2020,ssp2,0.8,5,6.25
Kings,2030,ssp2,0.8,3.9,4.875
Kings,2040,ssp2,0.8,4.7,5.875
Kings,2050,ssp2,0.8,3.3,4.124999999999999
Kings,2060,ssp2,0.8,3.9,4.875
Kings,2070,ssp2,0.8,2.2,2.75
Kings,2080,ssp2,0.8,1.5,1.875
Kings,2090,ssp2,0.8,2,2.5
Kings,2100,ssp2,0.8,1.5,1.875
Kings,2010,ssp5,0.8,0.8,1
Kings,2020,ssp5,0.8,1.2,1.4999999999999998
Kings,2030,ssp5,0.8,1.9,2.3749999999999996
Kings,2040,ssp5,0.8,2.6,3.25
Kings,2050,ssp5,0.8,2.5,3.125
Kings,2060,ssp5,0.8,2,2.5
Kings,2070,ssp5,0.8,2.3,2.8749999999999996
Kings,2080,ssp5,0.8,2.3,2.8749999999999996
Kings,2090,ssp5,0.8,1.7,2.125
Kings,2100,ssp5,0.8,2.3,2.8749999999999996
Lake,2010,ssp2,1.9,1.9,1
Lake,2020,ssp2,1.9,0,0
Lake,2030,ssp2,1.9,0,0
Lake,2040,ssp2,1.9,0,0
Lake,2050,ssp2,1.9,0,0
Lake,2060,ssp2,1.9,0,0
Lake,2070,ssp2,1.9,0,0
Lake,2080,ssp2,1.9,0,0
Lake,2090,ssp2,1.9,0,0
Lake,2100,ssp2,1.9,0,0
Lake,2010,ssp5,1.9,1.9,1
Lake,2020,ssp5,1.9,0.5,0.2631578947368421
Lake,2030,ssp5,1.9,2,1.0526315789473684
Lake,2040,ssp5,1.9,1.3,0.6842105263157895
Lake,2050,ssp5,1.9,1.2,0.631578947368421
Lake,2060,ssp5,1.9,1.9,1
Lake,2070,ssp5,1.9,3.2,1.6842105263157896
Lake,2080,ssp5,1.9,2.3,1.2105263157894737
Lake,2090,ssp5,1.9,2.6,1.368421052631579
Lake,2100,ssp5,1.9,2.7,1.4210526315789476
Lassen,2010,ssp2,0.4,0.4,1
Lassen,2020,ssp2,0.4,0,0
Lassen,2030,ssp2,0.4,0,0
Lassen,2040,ssp2,0.4,0,0
Lassen,2050,ssp2,0.4,0,0
Lassen,2060,ssp2,0.4,0,0
Lassen,2070,ssp2,0.4,0,0
Lassen,2080,ssp2,0.4,0,0
Lassen,2090,ssp2,0.4,0,0
Lassen,2100,ssp2,0.4,0,0
Lassen,2010,ssp5,0.4,0.4,1
Lassen,2020,ssp5,0.4,0.2,0.5
Lassen,2030,ssp5,0.4,0.3,0.7499999999999999
Lassen,2040,ssp5,0.4,0.2,0.5
Lassen,2050,ssp5,0.4,0.2,0.5
Lassen,2060,ssp5,0.4,0.3,0.7499999999999999
Lassen,2070,ssp5,0.4,0.3,0.7499999999999999
Lassen,2080,ssp5,0.4,0.3,0.7499999999999999
Lassen,2090,ssp5,0.4,1,2.5
Lassen,2100,ssp5,0.4,0.6,1.4999999999999998
Los Angeles,2010,ssp2,19.1,19.1,1
Los Angeles,2020,ssp2,19.1,30.3,1.5863874345549738
Los Angeles,2030,ssp2,19.1,36.4,1.9057591623036647
Los Angeles,2040,ssp2,19.1,33.4,1.7486910994764395
Los Angeles,2050,ssp2,19.1,31.1,1.6282722513089005
Los Angeles,2060,ssp2,19.1,35.4,1.8534031413612564
Los Angeles,2070,ssp2,19.1,30.7,1.607329842931937
Los Angeles,2080,ssp2,19.1,20.9,1.0942408376963348
Los Angeles,2090,ssp2,19.1,14.8,0.7748691099476439
Los Angeles,2100,ssp2,19.1,5.2,0.27225130890052357
Los Angeles,2010,ssp5,19.1,19.1,1
Los Angeles,2020,ssp5,19.1,41.5,2.1727748691099475
Los Angeles,2030,ssp5,19.1,60.5,3.1675392670157065
Los Angeles,2040,ssp5,19.1,59.1,3.094240837696335
Los Angeles,2050,ssp5,19.1,73.5,3.8481675392670156
Los Angeles,2060,ssp5,19.1,44.3,2.319371727748691
Los Angeles,2070,ssp5,19.1,12.5,0.6544502617801047
Los Angeles,2080,ssp5,19.1,0.5,0.026178010471204185
Los Angeles,2090,ssp5,19.1,0,0
Los Angeles,2100,ssp5,19.1,0,0
Madera,2010,ssp2,1.7,1.7,1
Madera,2020,ssp2,1.7,5.9,3.4705882352941178
Madera,2030,ssp2,1.7,5.7,3.3529411764705883
Madera,2040,ssp2,1.7,4.1,2.411764705882353
Madera,2050,ssp2,1.7,4.5,2.6470588235294117
Madera,2060,ssp2,1.7,3,1.7647058823529411
Madera,2070,ssp2,1.7,2.7,1.5882352941176472
Madera,2080,ssp2,1.7,2.8,1.6470588235294117
Madera,2090,ssp2,1.7,1.9,1.1176470588235294
Madera,2100,ssp2,1.7,0.7,0.4117647058823529
Madera,2010,ssp5,1.7,1.7,1
Madera,2020,ssp5,1.7,2.1,1.2352941176470589
Madera,2030,ssp5,1.7,2.2,1.2941176470588236
Madera,2040,ssp5,1.7,2.7,1.5882352941176472
Madera,2050,ssp5,1.7,3.2,1.8823529411764708
Madera,2060,ssp5,1.7,4,2.3529411764705883
Madera,2070,ssp5,1.7,3.2,1.8823529411764708
Madera,2080,ssp5,1.7,3.6,2.1176470588235294
Madera,2090,ssp5,1.7,3.2,1.8823529411764708
Madera,2100,ssp5,1.7,2.1,1.2352941176470589
Marin,2010,ssp2,1.9,1.9,1
Marin,2020,ssp2,1.9,0.7,0.3684210526315789
Marin,2030,ssp2,1.9,1.1,0.5789473684210527
Marin,2040,ssp2,1.9,1.3,0.6842105263157895
Marin,2050,ssp2,1.9,1.1,0.5789473684210527
Marin,2060,ssp2,1.9,0.9,0.4736842105263158
Marin,2070,ssp2,1.9,1,0.5263157894736842
Marin,2080,ssp2,1.9,0.5,0.2631578947368421
Marin,2090,ssp2,1.9,0.5,0.2631578947368421
Marin,2100,ssp2,1.9,0,0
Marin,2010,ssp5,1.9,1.9,1
Marin,2020,ssp5,1.9,1.8,0.9473684210526316
Marin,2030,ssp5,1.9,2.3,1.2105263157894737
Marin,2040,ssp5,1.9,2.3,1.2105263157894737
Marin,2050,ssp5,1.9,2.5,1.3157894736842106
Marin,2060,ssp5,1.9,3.1,1.6315789473684212
Marin,2070,ssp5,1.9,6.9,3.6315789473684212
Marin,2080,ssp5,1.9,4.6,2.4210526315789473
Marin,2090,ssp5,1.9,6.6,3.473684210526316
Marin,2100,ssp5,1.9,4.7,2.473684210526316
Mariposa,2010,ssp2,0.3,0.3,1
Mariposa,2020,ssp2,0.3,0,0
Mariposa,2030,ssp2,0.3,0,0
Mariposa,2040,ssp2,0.3,0,0
Mariposa,2050,ssp2,0.3,0,0
Mariposa,2060,ssp2,0.3,0,0
Mariposa,2070,ssp2,0.3,0,0
Mariposa,2080,ssp2,0.3,0,0
Mariposa,2090,ssp2,0.3,0,0
Mariposa,2100,ssp2,0.3,0,0
Mariposa,2010,ssp5,0.3,0.3,1
Mariposa,2020,ssp5,0.3,0,0
Mariposa,2030,ssp5,0.3,0,0
Mariposa,2040,ssp5,0.3,0,0
Mariposa,2050,ssp5,0.3,0,0
Mariposa,2060,ssp5,0.3,0,0
Mariposa,2070,ssp5,0.3,0,0
Mariposa,2080,ssp5,0.3,0,0
Mariposa,2090,ssp5,0.3,0,0
Mariposa,2100,ssp5,0.3,0,0
Mendocino,2010,ssp2,1.1,1.1,1
Mendocino,2020,ssp2,1.1,0.1,0.09090909090909091
Mendocino,2030,ssp2,1.1,0.1,0.09090909090909091
Mendocino,2040,ssp2,1.1,0,0
Mendocino,2050,ssp2,1.1,0.2,0.18181818181818182
Mendocino,2060,ssp2,1.1,0.4,0.36363636363636365
Mendocino,2070,ssp2,1.1,0.1,0.09090909090909091
Mendocino,2080,ssp2,1.1,0,0
Mendocino,2090,ssp2,1.1,0.1,0.09090909090909091
Mendocino,2100,ssp2,1.1,0,0
Mendocino,2010,ssp5,1.1,1.1,1
Mendocino,2020,ssp5,1.1,0.6,0.5454545454545454
Mendocino,2030,ssp5,1.1,0.9,0.8181818181818181
Mendocino,2040,ssp5,1.1,1.6,1.4545454545454546
Mendocino,2050,ssp5,1.1,1.9,1.727272727272727
Mendocino,2060,ssp5,1.1,1.4,1.2727272727272725
Mendocino,2070,ssp5,1.1,2.7,2.4545454545454546
Mendocino,2080,ssp5,1.1,2.5,2.2727272727272725
Mendocino,2090,ssp5,1.1,2.7,2.4545454545454546
Mendocino,2100,ssp5,1.1,2.1,1.909090909090909
Merced,2010,ssp2,2.6,2.6,1
Merced,2020,ssp2,2.6,4.4,1.6923076923076923
Merced,2030,ssp2,2.6,3.5,1.346153846153846
Merced,2040,ssp2,2.6,2.7,1.0384615384615385
Merced,2050,ssp2,2.6,2.3,0.8846153846153845
Merced,2060,ssp2,2.6,3.8,1.4615384615384615
Merced,2070,ssp2,2.6,2.4,0.923076923076923
Merced,2080,ssp2,2.6,1.6,0.6153846153846154
Merced,2090,ssp2,2.6,1.1,0.4230769230769231
Merced,2100,ssp2,2.6,0.7,0.2692307692307692
Merced,2010,ssp5,2.6,2.6,1
Merced,2020,ssp5,2.6,2.3,0.8846153846153845
Merced,2030,ssp5,2.6,3.2,1.2307692307692308
Merced,2040,ssp5,2.6,3.8,1.4615384615384615
Merced,2050,ssp5,2.6,3.1,1.1923076923076923
Merced,2060,ssp5,2.6,4.9,1.8846153846153846
Merced,2070,ssp5,2.6,3.7,1.4230769230769231
Merced,2080,ssp5,2.6,3.9,1.5
Merced,2090,ssp5,2.6,2.1,0.8076923076923077
Merced,2100,ssp5,2.6,3.2,1.2307692307692308
Modoc,2010,ssp2,0.1,0.1,1
Modoc,2020,ssp2,0.1,0,0
Modoc,2030,ssp2,0.1,0,0
Modoc,2040,ssp2,0.1,0,0
Modoc,2050,ssp2,0.1,0,0
Modoc,2060,ssp2,0.1,0,0
Modoc,2070,ssp2,0.1,0,0
Modoc,2080,ssp2,0.1,0,0
Modoc,2090,ssp2,0.1,0,0
Modoc,2100,ssp2,0.1,0,0
Modoc,2010,ssp5,0.1,0.1,1
Modoc,2020,ssp5,0.1,0,0
Modoc,2030,ssp5,0.1,0,0
Modoc,2040,ssp5,0.1,0,0
Modoc,2050,ssp5,0.1,0,0
Modoc,2060,ssp5,0.1,0,0
Modoc,2070,ssp5,0.1,0,0
Modoc,2080,ssp5,0.1,0,0
Modoc,2090,ssp5,0.1,0,0
Modoc,2100,ssp5,0.1,0,0
Mono,2010,ssp2,1.9,1.9,1
Mono,2020,ssp2,1.9,0,0
Mono,2030,ssp2,1.9,0,0
Mono,2040,ssp2,1.9,0,0
Mono,2050,ssp2,1.9,0,0
Mono,2060,ssp2,1.9,0,0
Mono,2070,ssp2,1.9,0,0
Mono,2080,ssp2,1.9,0,0
Mono,2090,ssp2,1.9,0,0
Mono,2100,ssp2,1.9,0,0
Mono,2010,ssp5,1.9,1.9,1
Mono,2020,ssp5,1.9,0.1,0.052631578947368425
Mono,2030,ssp5,1.9,0,0
Mono,2040,ssp5,1.9,0.2,0.10526315789473685
Mono,2050,ssp5,1.9,0,0
Mono,2060,ssp5,1.9,0.1,0.052631578947368425
Mono,2070,ssp5,1.9,0.1,0.052631578947368425
Mono,2080,ssp5,1.9,0,0
Mono,2090,ssp5,1.9,0,0
Mono,2100,ssp5,1.9,0,0
Monterey,2010,ssp2,2.3,2.3,1
Monterey,2020,ssp2,2.3,3.6,1.565217391304348
Monterey,2030,ssp2,2.3,2.6,1.1304347826086958
Monterey,2040,ssp2,2.3,3.6,1.565217391304348
Monterey,2050,ssp2,2.3,2.1,0.9130434782608696
Monterey,2060,ssp2,2.3,1.6,0.6956521739130436
Monterey,2070,ssp2,2.3,1.8,0.782608695652174
Monterey,2080,ssp2,2.3,0.8,0.3478260869565218
Monterey,2090,ssp2,2.3,0.1,0.04347826086956522
Monterey,2100,ssp2,2.3,0,0
Monterey,2010,ssp5,2.3,2.3,1
Monterey,2020,ssp5,2.3,2.8,1.2173913043478262
Monterey,2030,ssp5,2.3,4.4,1.9130434782608698
Monterey,2040,ssp5,2.3,4.3,1.8695652173913044
Monterey,2050,ssp5,2.3,5.8,2.5217391304347827
Monterey,2060,ssp5,2.3,5.6,2.4347826086956523
Monterey,2070,ssp5,2.3,5.6,2.4347826086956523
Monterey,2080,ssp5,2.3,3.6,1.565217391304348
Monterey,2090,ssp5,2.3,2.6,1.1304347826086958
Monterey,2100,ssp5,2.3,2.3,1
Napa,2010,ssp2,0.9,0.9,1
Napa,2020,ssp2,0.9,3.4,3.7777777777777777
Napa,2030,ssp2,0.9,3.4,3.7777777777777777
Napa,2040,ssp2,0.9,3.1,3.4444444444444446
Napa,2050,ssp2,0.9,2.9,3.222222222222222
Napa,2060,ssp2,0.9,1.7,1.8888888888888888
Napa,2070,ssp2,0.9,1.9,2.111111111111111
Napa,2080,ssp2,0.9,1.8,2
Napa,2090,ssp2,0.9,1.2,1.3333333333333333
Napa,2100,ssp2,0.9,0.5,0.5555555555555556
Napa,2010,ssp5,0.9,0.9,1
Napa,2020,ssp5,0.9,0.5,0.5555555555555556
Napa,2030,ssp5,0.9,1.5,1.6666666666666665
Napa,2040,ssp5,0.9,1.2,1.3333333333333333
Napa,2050,ssp5,0.9,0.9,1
Napa,2060,ssp5,0.9,1.8,2
Napa,2070,ssp5,0.9,1.7,1.8888888888888888
Napa,2080,ssp5,0.9,1.6,1.777777777777778
Napa,2090,ssp5,0.9,1.5,1.6666666666666665
Napa,2100,ssp5,0.9,1.8,2
Nevada,2010,ssp2,2,2,1
Nevada,2020,ssp2,2,0.3,0.15
Nevada,2030,ssp2,2,0,0
Nevada,2040,ssp2,2,0,0
Nevada,2050,ssp2,2,0,0
Nevada,2060,ssp2,2,0,0
Nevada,2070,ssp2,2,0,0
Nevada,2080,ssp2,2,0,0
Nevada,2090,ssp2,2,0,0
Nevada,2100,ssp2,2,0,0
Nevada,2010,ssp5,2,2,1
Nevada,2020,ssp5,2,0.8,0.4
Nevada,2030,ssp5,2,1.2,0.6
Nevada,2040,ssp5,2,0.3,0.15
Nevada,2050,ssp5,2,1.3,0.65
Nevada,2060,ssp5,2,2.1,1.05
Nevada,2070,ssp5,2,1.9,0.95
Nevada,2080,ssp5,2,2.8,1.4
Nevada,2090,ssp5,2,2.3,1.15
Nevada,2100,ssp5,2,1.9,0.95
Orange,2010,ssp2,2.6,2.6,1
Orange,2020,ssp2,2.6,6.2,2.3846153846153846
Orange,2030,ssp2,2.6,4.6,1.769230769230769
Orange,2040,ssp2,2.6,3.7,1.4230769230769231
Orange,2050,ssp2,2.6,3.2,1.2307692307692308
Orange,2060,ssp2,2.6,2.5,0.9615384615384615
Orange,2070,ssp2,2.6,2,0.7692307692307692
Orange,2080,ssp2,2.6,0.8,0.3076923076923077
Orange,2090,ssp2,2.6,1.3,0.5
Orange,2100,ssp2,2.6,0.4,0.15384615384615385
Orange,2010,ssp5,2.6,2.6,1
Orange,2020,ssp5,2.6,7.8,3
Orange,2030,ssp5,2.6,8.4,3.230769230769231
Orange,2040,ssp5,2.6,6.2,2.3846153846153846
Orange,2050,ssp5,2.6,5,1.923076923076923
Orange,2060,ssp5,2.6,2.2,0.8461538461538461
Orange,2070,ssp5,2.6,0.4,0.15384615384615385
Orange,2080,ssp5,2.6,0,0
Orange,2090,ssp5,2.6,0,0
Orange,2100,ssp5,2.6,0,0
Placer,2010,ssp2,5.5,5.5,1
Placer,2020,ssp2,5.5,3.2,0.5818181818181819
Placer,2030,ssp2,5.5,3.1,0.5636363636363636
Placer,2040,ssp2,5.5,3.3,0.6
Placer,2050,ssp2,5.5,3.1,0.5636363636363636
Placer,2060,ssp2,5.5,2.5,0.45454545454545453
Placer,2070,ssp2,5.5,2.1,0.38181818181818183
Placer,2080,ssp2,5.5,1.6,0.29090909090909095
Placer,2090,ssp2,5.5,0.7,0.12727272727272726
Placer,2100,ssp2,5.5,0.2,0.03636363636363637
Placer,2010,ssp5,5.5,5.5,1
Placer,2020,ssp5,5.5,5.8,1.0545454545454545
Placer,2030,ssp5,5.5,5.5,1
Placer,2040,ssp5,5.5,6,1.0909090909090908
Placer,2050,ssp5,5.5,4.7,0.8545454545454546
Placer,2060,ssp5,5.5,3.5,0.6363636363636364
Placer,2070,ssp5,5.5,2.6,0.4727272727272727
Placer,2080,ssp5,5.5,3.6,0.6545454545454545
Placer,2090,ssp5,5.5,3.4,0.6181818181818182
Placer,2100,ssp5,5.5,1.2,0.21818181818181817
Plumas,2010,ssp2,0.9,0.9,1
Plumas,2020,ssp2,0.9,0,0
Plumas,2030,ssp2,0.9,0,0
Plumas,2040,ssp2,0.9,0,0
Plumas,2050,ssp2,0.9,0,0
Plumas,2060,ssp2,0.9,0,0
Plumas,2070,ssp2,0.9,0,0
Plumas,2080,ssp2,0.9,0,0
Plumas,2090,ssp2,0.9,0,0
Plumas,2100,ssp2,0.9,0,0
Plumas,2010,ssp5,0.9,0.9,1
Plumas,2020,ssp5,0.9,0,0
Plumas,2030,ssp5,0.9,0,0
Plumas,2040,ssp5,0.9,0,0
Plumas,2050,ssp5,0.9,0,0
Plumas,2060,ssp5,0.9,0,0
Plumas,2070,ssp5,0.9,0,0
Plumas,2080,ssp5,0.9,0,0
Plumas,2090,ssp5,0.9,0,0
Plumas,2100,ssp5,0.9,0,0
Riverside,2010,ssp2,24.1,24.1,1
Riverside,2020,ssp2,24.1,8.2,0.3402489626556016
Riverside,2030,ssp2,24.1,8.6,0.3568464730290456
Riverside,2040,ssp2,24.1,8,0.33195020746887965
Riverside,2050,ssp2,24.1,5.8,0.24066390041493774
Riverside,2060,ssp2,24.1,4.8,0.1991701244813278
Riverside,2070,ssp2,24.1,4.4,0.18257261410788383
Riverside,2080,ssp2,24.1,2.3,0.09543568464730288
Riverside,2090,ssp2,24.1,1.6,0.06639004149377593
Riverside,2100,ssp2,24.1,0.2,0.008298755186721992
Riverside,2010,ssp5,24.1,24.1,1
Riverside,2020,ssp5,24.1,11.2,0.4647302904564315
Riverside,2030,ssp5,24.1,14.4,0.5975103734439834
Riverside,2040,ssp5,24.1,11,0.45643153526970953
Riverside,2050,ssp5,24.1,13.9,0.5767634854771784
Riverside,2060,ssp5,24.1,17.9,0.7427385892116182
Riverside,2070,ssp5,24.1,16.3,0.6763485477178424
Riverside,2080,ssp5,24.1,13.4,0.5560165975103735
Riverside,2090,ssp5,24.1,14,0.5809128630705394
Riverside,2100,ssp5,24.1,11.2,0.4647302904564315
Sacramento,2010,ssp2,4,4,1
Sacramento,2020,ssp2,4,1.8,0.45
Sacramento,2030,ssp2,4,1.3,0.325
Sacramento,2040,ssp2,4,0.9,0.225
Sacramento,2050,ssp2,4,0.5,0.125
Sacramento,2060,ssp2,4,0.9,0.225
Sacramento,2070,ssp2,4,0.9,0.225
Sacramento,2080,ssp2,4,0.6,0.15
Sacramento,2090,ssp2,4,0.5,0.125
Sacramento,2100,ssp2,4,0.1,0.025
Sacramento,2010,ssp5,4,4,1
Sacramento,2020,ssp5,4,2.5,0.625
Sacramento,2030,ssp5,4,2.4,0.6
Sacramento,2040,ssp5,4,2.1,0.525
Sacramento,2050,ssp5,4,1.8,0.45
Sacramento,2060,ssp5,4,2.7,0.675
Sacramento,2070,ssp5,4,2.8,0.7
Sacramento,2080,ssp5,4,2,0.5
Sacramento,2090,ssp5,4,1.6,0.4
Sacramento,2100,ssp5,4,0.8,0.2
San Benito,2010,ssp2,0.4,0.4,1
San Benito,2020,ssp2,0.4,0.4,1
San Benito,2030,ssp2,0.4,1.4,3.4999999999999996
San Benito,2040,ssp2,0.4,2.6,6.5
San Benito,2050,ssp2,0.4,2.8,6.999999999999999
San Benito,2060,ssp2,0.4,3.2,8
San Benito,2070,ssp2,0.4,2.7,6.75
San Benito,2080,ssp2,0.4,1.8,4.5
San Benito,2090,ssp2,0.4,1.1,2.75
San Benito,2100,ssp2,0.4,0.5,1.25
San Benito,2010,ssp5,0.4,0.4,1
San Benito,2020,ssp5,0.4,1.2,2.9999999999999996
San Benito,2030,ssp5,0.4,3.2,8
San Benito,2040,ssp5,0.4,5.5,13.75
San Benito,2050,ssp5,0.4,8.1,20.249999999999996
San Benito,2060,ssp5,0.4,7.6,18.999999999999996
San Benito,2070,ssp5,0.4,13,32.5
San Benito,2080,ssp5,0.4,11.1,27.749999999999996
San Benito,2090,ssp5,0.4,10.5,26.25
San Benito,2100,ssp5,0.4,10.1,25.249999999999996
San Bernardino,2010,ssp2,16.4,16.4,1
San Bernardino,2020,ssp2,16.4,8.8,0.5365853658536587
San Bernardino,2030,ssp2,16.4,11,0.6707317073170732
San Bernardino,2040,ssp2,16.4,10.1,0.6158536585365854
San Bernardino,2050,ssp2,16.4,6.3,0.38414634146341464
San Bernardino,2060,ssp2,16.4,8.2,0.5
San Bernardino,2070,ssp2,16.4,6.8,0.41463414634146345
San Bernardino,2080,ssp2,16.4,4.1,0.25
San Bernardino,2090,ssp2,16.4,1.5,0.09146341463414635
San Bernardino,2100,ssp2,16.4,0.1,0.006097560975609757
San Bernardino,2010,ssp5,16.4,16.4,1
San Bernardino,2020,ssp5,16.4,11.6,0.7073170731707318
San Bernardino,2030,ssp5,16.4,18.7,1.1402439024390245
San Bernardino,2040,ssp5,16.4,18.6,1.1341463414634148
San Bernardino,2050,ssp5,16.4,16.2,0.9878048780487805
San Bernardino,2060,ssp5,16.4,18.1,1.103658536585366
San Bernardino,2070,ssp5,16.4,17.5,1.0670731707317074
San Bernardino,2080,ssp5,16.4,14.6,0.8902439024390244
San Bernardino,2090,ssp5,16.4,11.4,0.6951219512195123
San Bernardino,2100,ssp5,16.4,8.3,0.5060975609756099
San Diego,2010,ssp2,16.1,16.1,1
San Diego,2020,ssp2,16.1,7.4,0.45962732919254656
San Diego,2030,ssp2,16.1,7.6,0.47204968944099374
San Diego,2040,ssp2,16.1,5.8,0.3602484472049689
San Diego,2050,ssp2,16.1,6.5,0.40372670807453415
San Diego,2060,ssp2,16.1,6.3,0.3913043478260869
San Diego,2070,ssp2,16.1,5.2,0.32298136645962733
San Diego,2080,ssp2,16.1,3.1,0.19254658385093165
San Diego,2090,ssp2,16.1,1.1,0.06832298136645963
San Diego,2100,ssp2,16.1,0.1,0.006211180124223602
San Diego,2010,ssp5,16.1,16.1,1
San Diego,2020,ssp5,16.1,11.9,0.7391304347826086
San Diego,2030,ssp5,16.1,12,0.7453416149068323
San Diego,2040,ssp5,16.1,15.5,0.9627329192546583
San Diego,2050,ssp5,16.1,15.8,0.9813664596273292
San Diego,2060,ssp5,16.1,17.5,1.0869565217391304
San Diego,2070,ssp5,16.1,17.1,1.062111801242236
San Diego,2080,ssp5,16.1,14.7,0.9130434782608694
San Diego,2090,ssp5,16.1,15.4,0.9565217391304347
San Diego,2100,ssp5,16.1,10.1,0.6273291925465838
San Francisco,2010,ssp2,0.1,0.1,1
San Francisco,2020,ssp2,0.1,0,0
San Francisco,2030,ssp2,0.1,0,0
San Francisco,2040,ssp2,0.1,0,0
San Francisco,2050,ssp2,0.1,0,0
San Francisco,2060,ssp2,0.1,0,0
San Francisco,2070,ssp2,0.1,0,0
San Francisco,2080,ssp2,0.1,0,0
San Francisco,2090,ssp2,0.1,0,0
San Francisco,2100,ssp2,0.1,0,0
San Francisco,2010,ssp5,0.1,0.1,1
San Francisco,2020,ssp5,0.1,0,0
San Francisco,2030,ssp5,0.1,0,0
San Francisco,2040,ssp5,0.1,0,0
San Francisco,2050,ssp5,0.1,0,0
San Francisco,2060,ssp5,0.1,0,0
San Francisco,2070,ssp5,0.1,0,0
San Francisco,2080,ssp5,0.1,0,0
San Francisco,2090,ssp5,0.1,0,0
San Francisco,2100,ssp5,0.1,0,0
San Joaquin,2010,ssp2,3.7,3.7,1
San Joaquin,2020,ssp2,3.7,1,0.27027027027027023
San Joaquin,2030,ssp2,3.7,2.8,0.7567567567567567
San Joaquin,2040,ssp2,3.7,2,0.5405405405405405
San Joaquin,2050,ssp2,3.7,2,0.5405405405405405
San Joaquin,2060,ssp2,3.7,2.2,0.5945945945945946
San Joaquin,2070,ssp2,3.7,2,0.5405405405405405
San Joaquin,2080,ssp2,3.7,1.1,0.2972972972972973
San Joaquin,2090,ssp2,3.7,0.6,0.16216216216216214
San Joaquin,2100,ssp2,3.7,0.2,0.05405405405405406
San Joaquin,2010,ssp5,3.7,3.7,1
San Joaquin,2020,ssp5,3.7,3.4,0.9189189189189189
San Joaquin,2030,ssp5,3.7,4.1,1.108108108108108
San Joaquin,2040,ssp5,3.7,5.5,1.4864864864864864
San Joaquin,2050,ssp5,3.7,4.7,1.2702702702702702
San Joaquin,2060,ssp5,3.7,4.7,1.2702702702702702
San Joaquin,2070,ssp5,3.7,6.1,1.6486486486486485
San Joaquin,2080,ssp5,3.7,3.9,1.054054054054054
San Joaquin,2090,ssp5,3.7,3.9,1.054054054054054
San Joaquin,2100,ssp5,3.7,2.2,0.5945945945945946
San Luis Obispo,2010,ssp2,3.5,3.5,1
San Luis Obispo,2020,ssp2,3.5,2.8,0.7999999999999999
San Luis Obispo,2030,ssp2,3.5,4.9,1.4000000000000001
San Luis Obispo,2040,ssp2,3.5,3,0.8571428571428571
San Luis Obispo,2050,ssp2,3.5,3.3,0.9428571428571428
San Luis Obispo,2060,ssp2,3.5,2.7,0.7714285714285715
San Luis Obispo,2070,ssp2,3.5,2.7,0.7714285714285715
San Luis Obispo,2080,ssp2,3.5,2.1,0.6
San Luis Obispo,2090,ssp2,3.5,0.8,0.2285714285714286
San Luis Obispo,2100,ssp2,3.5,1.1,0.31428571428571433
San Luis Obispo,2010,ssp5,3.5,3.5,1
San Luis Obispo,2020,ssp5,3.5,1,0.2857142857142857
San Luis Obispo,2030,ssp5,3.5,1.7,0.4857142857142857
San Luis Obispo,2040,ssp5,3.5,1.6,0.4571428571428572
San Luis Obispo,2050,ssp5,3.5,1.7,0.4857142857142857
San Luis Obispo,2060,ssp5,3.5,2.3,0.6571428571428571
San Luis Obispo,2070,ssp5,3.5,1.8,0.5142857142857143
San Luis Obispo,2080,ssp5,3.5,2.1,0.6
San Luis Obispo,2090,ssp5,3.5,1.4,0.39999999999999997
San Luis Obispo,2100,ssp5,3.5,0.5,0.14285714285714285
San Mateo,2010,ssp2,1.4,1.4,1
San Mateo,2020,ssp2,1.4,1.8,1.2857142857142858
San Mateo,2030,ssp2,1.4,0.5,0.35714285714285715
San Mateo,2040,ssp2,1.4,2.3,1.6428571428571428
San Mateo,2050,ssp2,1.4,1.2,0.8571428571428572
San Mateo,2060,ssp2,1.4,1.5,1.0714285714285714
San Mateo,2070,ssp2,1.4,0.5,0.35714285714285715
San Mateo,2080,ssp2,1.4,0.5,0.35714285714285715
San Mateo,2090,ssp2,1.4,0,0
San Mateo,2100,ssp2,1.4,0,0
San Mateo,2010,ssp5,1.4,1.4,1
San Mateo,2020,ssp5,1.4,2.7,1.9285714285714288
San Mateo,2030,ssp5,1.4,2.5,1.7857142857142858
San Mateo,2040,ssp5,1.4,2.3,1.6428571428571428
San Mateo,2050,ssp5,1.4,1.9,1.3571428571428572
San Mateo,2060,ssp5,1.4,2.2,1.5714285714285716
San Mateo,2070,ssp5,1.4,3.9,2.785714285714286
San Mateo,2080,ssp5,1.4,5.4,3.8571428571428577
San Mateo,2090,ssp5,1.4,6.6,4.714285714285714
San Mateo,2100,ssp5,1.4,5,3.5714285714285716
Santa Barbara,2010,ssp2,2.1,2.1,1
Santa Barbara,2020,ssp2,2.1,2.1,1
Santa Barbara,2030,ssp2,2.1,1.6,0.7619047619047619
Santa Barbara,2040,ssp2,2.1,0.5,0.23809523809523808
Santa Barbara,2050,ssp2,2.1,1.9,0.9047619047619047
Santa Barbara,2060,ssp2,2.1,1,0.47619047619047616
Santa Barbara,2070,ssp2,2.1,1.2,0.5714285714285714
Santa Barbara,2080,ssp2,2.1,0.5,0.23809523809523808
Santa Barbara,2090,ssp2,2.1,0.2,0.09523809523809523
Santa Barbara,2100,ssp2,2.1,0,0
Santa Barbara,2010,ssp5,2.1,2.1,1
Santa Barbara,2020,ssp5,2.1,3.3,1.5714285714285712
Santa Barbara,2030,ssp5,2.1,2.9,1.380952380952381
Santa Barbara,2040,ssp5,2.1,3.1,1.4761904761904763
Santa Barbara,2050,ssp5,2.1,3.8,1.8095238095238093
Santa Barbara,2060,ssp5,2.1,3.7,1.7619047619047619
Santa Barbara,2070,ssp5,2.1,3.1,1.4761904761904763
Santa Barbara,2080,ssp5,2.1,2.7,1.2857142857142858
Santa Barbara,2090,ssp5,2.1,2,0.9523809523809523
Santa Barbara,2100,ssp5,2.1,1.6,0.7619047619047619
Santa Clara,2010,ssp2,2.8,2.8,1
Santa Clara,2020,ssp2,2.8,4.8,1.7142857142857144
Santa Clara,2030,ssp2,2.8,6.9,2.4642857142857144
Santa Clara,2040,ssp2,2.8,7.3,2.607142857142857
Santa Clara,2050,ssp2,2.8,5.5,1.9642857142857144
Santa Clara,2060,ssp2,2.8,4.4,1.5714285714285716
Santa Clara,2070,ssp2,2.8,3.1,1.1071428571428572
Santa Clara,2080,ssp2,2.8,2.6,0.9285714285714287
Santa Clara,2090,ssp2,2.8,1.3,0.46428571428571436
Santa Clara,2100,ssp2,2.8,0.4,0.14285714285714288
Santa Clara,2010,ssp5,2.8,2.8,1
Santa Clara,2020,ssp5,2.8,8.9,3.178571428571429
Santa Clara,2030,ssp5,2.8,10.2,3.642857142857143
Santa Clara,2040,ssp5,2.8,9.8,3.5000000000000004
Santa Clara,2050,ssp5,2.8,10.7,3.8214285714285716
Santa Clara,2060,ssp5,2.8,10.1,3.607142857142857
Santa Clara,2070,ssp5,2.8,5.5,1.9642857142857144
Santa Clara,2080,ssp5,2.8,5.4,1.9285714285714288
Santa Clara,2090,ssp5,2.8,2.8,1
Santa Clara,2100,ssp5,2.8,2.2,0.7857142857142858
Santa Cruz,2010,ssp2,2.4,2.4,1
Santa Cruz,2020,ssp2,2.4,2.5,1.0416666666666667
Santa Cruz,2030,ssp2,2.4,1,0.4166666666666667
Santa Cruz,2040,ssp2,2.4,0.9,0.375
Santa Cruz,2050,ssp2,2.4,0.7,0.2916666666666667
Santa Cruz,2060,ssp2,2.4,0.9,0.375
Santa Cruz,2070,ssp2,2.4,1.1,0.45833333333333337
Santa Cruz,2080,ssp2,2.4,0.8,0.33333333333333337
Santa Cruz,2090,ssp2,2.4,0.5,0.20833333333333334
Santa Cruz,2100,ssp2,2.4,0.2,0.08333333333333334
Santa Cruz,2010,ssp5,2.4,2.4,1
Santa Cruz,2020,ssp5,2.4,0.7,0.2916666666666667
Santa Cruz,2030,ssp5,2.4,1.2,0.5
Santa Cruz,2040,ssp5,2.4,0.9,0.375
Santa Cruz,2050,ssp5,2.4,1.3,0.5416666666666667
Santa Cruz,2060,ssp5,2.4,1.1,0.45833333333333337
Santa Cruz,2070,ssp5,2.4,0.8,0.33333333333333337
Santa Cruz,2080,ssp5,2.4,1.2,0.5
Santa Cruz,2090,ssp5,2.4,0.7,0.2916666666666667
Santa Cruz,2100,ssp5,2.4,0.3,0.125
Shasta,2010,ssp2,2.9,2.9,1
Shasta,2020,ssp2,2.9,1.9,0.6551724137931034
Shasta,2030,ssp2,2.9,1.6,0.5517241379310345
Shasta,2040,ssp2,2.9,1.6,0.5517241379310345
Shasta,2050,ssp2,2.9,1.5,0.5172413793103449
Shasta,2060,ssp2,2.9,2,0.6896551724137931
Shasta,2070,ssp2,2.9,1.9,0.6551724137931034
Shasta,2080,ssp2,2.9,1.1,0.37931034482758624
Shasta,2090,ssp2,2.9,1.3,0.4482758620689655
Shasta,2100,ssp2,2.9,0.9,0.3103448275862069
Shasta,2010,ssp5,2.9,2.9,1
Shasta,2020,ssp5,2.9,0.8,0.27586206896551724
Shasta,2030,ssp5,2.9,0.9,0.3103448275862069
Shasta,2040,ssp5,2.9,1,0.3448275862068966
Shasta,2050,ssp5,2.9,1.5,0.5172413793103449
Shasta,2060,ssp5,2.9,1.8,0.6206896551724138
Shasta,2070,ssp5,2.9,2,0.6896551724137931
Shasta,2080,ssp5,2.9,1.8,0.6206896551724138
Shasta,2090,ssp5,2.9,2.9,1
Shasta,2100,ssp5,2.9,1.9,0.6551724137931034
Sierra Valley,2010,ssp2,0.1,0.1,1
Sierra Valley,2020,ssp2,0.1,0,0
Sierra Valley,2030,ssp2,0.1,0,0
Sierra Valley,2040,ssp2,0.1,0,0
Sierra Valley,2050,ssp2,0.1,0,0
Sierra Valley,2060,ssp2,0.1,0,0
Sierra Valley,2070,ssp2,0.1,0,0
Sierra Valley,2080,ssp2,0.1,0,0
Sierra Valley,2090,ssp2,0.1,0,0
Sierra Valley,2100,ssp2,0.1,0,0
Sierra Valley,2010,ssp5,0.1,0.1,1
Sierra Valley,2020,ssp5,0.1,0,0
Sierra Valley,2030,ssp5,0.1,0,0
Sierra Valley,2040,ssp5,0.1,0,0
Sierra Valley,2050,ssp5,0.1,0,0
Sierra Valley,2060,ssp5,0.1,0,0
Sierra Valley,2070,ssp5,0.1,0,0
Sierra Valley,2080,ssp5,0.1,0,0
Sierra Valley,2090,ssp5,0.1,0,0
Sierra Valley,2100,ssp5,0.1,0,0
Siskiyou,2010,ssp2,1,1,1
Siskiyou,2020,ssp2,1,0,0
Siskiyou,2030,ssp2,1,0,0
Siskiyou,2040,ssp2,1,0,0
Siskiyou,2050,ssp2,1,0,0
Siskiyou,2060,ssp2,1,0,0
Siskiyou,2070,ssp2,1,0,0
Siskiyou,2080,ssp2,1,0,0
Siskiyou,2090,ssp2,1,0,0
Siskiyou,2100,ssp2,1,0,0
Siskiyou,2010,ssp5,1,1,1
Siskiyou,2020,ssp5,1,0,0
Siskiyou,2030,ssp5,1,0,0
Siskiyou,2040,ssp5,1,0,0
Siskiyou,2050,ssp5,1,0,0
Siskiyou,2060,ssp5,1,0,0
Siskiyou,2070,ssp5,1,0.2,0.2
Siskiyou,2080,ssp5,1,0.1,0.1
Siskiyou,2090,ssp5,1,0,0
Siskiyou,2100,ssp5,1,0.1,0.1
Solano,2010,ssp2,2.3,2.3,1
Solano,2020,ssp2,2.3,1.1,0.47826086956521746
Solano,2030,ssp2,2.3,1.6,0.6956521739130436
Solano,2040,ssp2,2.3,1.4,0.6086956521739131
Solano,2050,ssp2,2.3,0.9,0.391304347826087
Solano,2060,ssp2,2.3,0.7,0.30434782608695654
Solano,2070,ssp2,2.3,1,0.4347826086956522
Solano,2080,ssp2,2.3,0.7,0.30434782608695654
Solano,2090,ssp2,2.3,0.6,0.2608695652173913
Solano,2100,ssp2,2.3,0.1,0.04347826086956522
Solano,2010,ssp5,2.3,2.3,1
Solano,2020,ssp5,2.3,1,0.4347826086956522
Solano,2030,ssp5,2.3,2.8,1.2173913043478262
Solano,2040,ssp5,2.3,2.2,0.9565217391304349
Solano,2050,ssp5,2.3,1.8,0.782608695652174
Solano,2060,ssp5,2.3,2.3,1
Solano,2070,ssp5,2.3,1.7,0.7391304347826088
Solano,2080,ssp5,2.3,1.8,0.782608695652174
Solano,2090,ssp5,2.3,1.2,0.5217391304347826
Solano,2100,ssp5,2.3,1,0.4347826086956522
Sonoma,2010,ssp2,4.8,4.8,1
Sonoma,2020,ssp2,4.8,0,0
Sonoma,2030,ssp2,4.8,0.9,0.1875
Sonoma,2040,ssp2,4.8,0.8,0.16666666666666669
Sonoma,2050,ssp2,4.8,0.6,0.125
Sonoma,2060,ssp2,4.8,0.7,0.14583333333333334
Sonoma,2070,ssp2,4.8,0.7,0.14583333333333334
Sonoma,2080,ssp2,4.8,0.3,0.0625
Sonoma,2090,ssp2,4.8,0,0
Sonoma,2100,ssp2,4.8,0,0
Sonoma,2010,ssp5,4.8,4.8,1
Sonoma,2020,ssp5,4.8,0.8,0.16666666666666669
Sonoma,2030,ssp5,4.8,3.3,0.6875
Sonoma,2040,ssp5,4.8,3.7,0.7708333333333334
Sonoma,2050,ssp5,4.8,3.5,0.7291666666666667
Sonoma,2060,ssp5,4.8,3.1,0.6458333333333334
Sonoma,2070,ssp5,4.8,3.5,0.7291666666666667
Sonoma,2080,ssp5,4.8,3.4,0.7083333333333334
Sonoma,2090,ssp5,4.8,2.4,0.5
Sonoma,2100,ssp5,4.8,2.1,0.43750000000000006
Stanislaus,2010,ssp2,2.7,2.7,1
Stanislaus,2020,ssp2,2.7,2.3,0.8518518518518517
Stanislaus,2030,ssp2,2.7,1.7,0.6296296296296295
Stanislaus,2040,ssp2,2.7,1.3,0.48148148148148145
Stanislaus,2050,ssp2,2.7,1.6,0.5925925925925926
Stanislaus,2060,ssp2,2.7,1.2,0.4444444444444444
Stanislaus,2070,ssp2,2.7,1.1,0.40740740740740744
Stanislaus,2080,ssp2,2.7,1.2,0.4444444444444444
Stanislaus,2090,ssp2,2.7,0.8,0.2962962962962963
Stanislaus,2100,ssp2,2.7,0.2,0.07407407407407407
Stanislaus,2010,ssp5,2.7,2.7,1
Stanislaus,2020,ssp5,2.7,3.3,1.222222222222222
Stanislaus,2030,ssp5,2.7,2.9,1.074074074074074
Stanislaus,2040,ssp5,2.7,3.3,1.222222222222222
Stanislaus,2050,ssp5,2.7,4.5,1.6666666666666665
Stanislaus,2060,ssp5,2.7,3.4,1.259259259259259
Stanislaus,2070,ssp5,2.7,3.4,1.259259259259259
Stanislaus,2080,ssp5,2.7,2.6,0.9629629629629629
Stanislaus,2090,ssp5,2.7,4.3,1.5925925925925923
Stanislaus,2100,ssp5,2.7,2.2,0.8148148148148149
Sutter,2010,ssp2,0.3,0.3,1
Sutter,2020,ssp2,0.3,1.9,6.333333333333333
Sutter,2030,ssp2,0.3,0.8,2.666666666666667
Sutter,2040,ssp2,0.3,0.6,2
Sutter,2050,ssp2,0.3,0.1,0.33333333333333337
Sutter,2060,ssp2,0.3,0.3,1
Sutter,2070,ssp2,0.3,0.1,0.33333333333333337
Sutter,2080,ssp2,0.3,0,0
Sutter,2090,ssp2,0.3,0,0
Sutter,2100,ssp2,0.3,0,0
Sutter,2010,ssp5,0.3,0.3,1
Sutter,2020,ssp5,0.3,1,3.3333333333333335
Sutter,2030,ssp5,0.3,1.2,4
Sutter,2040,ssp5,0.3,0.8,2.666666666666667
Sutter,2050,ssp5,0.3,0.3,1
Sutter,2060,ssp5,0.3,0.3,1
Sutter,2070,ssp5,0.3,0.1,0.33333333333333337
Sutter,2080,ssp5,0.3,0.3,1
Sutter,2090,ssp5,0.3,0.2,0.6666666666666667
Sutter,2100,ssp5,0.3,0,0
Tehama,2010,ssp2,1,1,1
Tehama,2020,ssp2,1,0.1,0.1
Tehama,2030,ssp2,1,0.3,0.3
Tehama,2040,ssp2,1,0.2,0.2
Tehama,2050,ssp2,1,0.4,0.4
Tehama,2060,ssp2,1,0.1,0.1
Tehama,2070,ssp2,1,0.2,0.2
Tehama,2080,ssp2,1,0.1,0.1
Tehama,2090,ssp2,1,0.2,0.2
Tehama,2100,ssp2,1,0.4,0.4
Tehama,2010,ssp5,1,1,1
Tehama,2020,ssp5,1,0.3,0.3
Tehama,2030,ssp5,1,0.7,0.7
Tehama,2040,ssp5,1,1.5,1.5
Tehama,2050,ssp5,1,1.2,1.2
Tehama,2060,ssp5,1,1.4,1.4
Tehama,2070,ssp5,1,3.2,3.2
Tehama,2080,ssp5,1,2.1,2.1
Tehama,2090,ssp5,1,3,3
Tehama,2100,ssp5,1,2.6,2.6
Trinity,2010,ssp2,0.2,0.2,1
Trinity,2020,ssp2,0.2,0.1,0.5
Trinity,2030,ssp2,0.2,0,0
Trinity,2040,ssp2,0.2,0,0
Trinity,2050,ssp2,0.2,0,0
Trinity,2060,ssp2,0.2,0,0
Trinity,2070,ssp2,0.2,0,0
Trinity,2080,ssp2,0.2,0,0
Trinity,2090,ssp2,0.2,0,0
Trinity,2100,ssp2,0.2,0,0
Trinity,2010,ssp5,0.2,0.2,1
Trinity,2020,ssp5,0.2,0.1,0.5
Trinity,2030,ssp5,0.2,0,0
Trinity,2040,ssp5,0.2,0,0
Trinity,2050,ssp5,0.2,0,0
Trinity,2060,ssp5,0.2,0,0
Trinity,2070,ssp5,0.2,0,0
Trinity,2080,ssp5,0.2,0,0
Trinity,2090,ssp5,0.2,0,0
Trinity,2100,ssp5,0.2,0,0
Tulare,2010,ssp2,4.1,4.1,1
Tulare,2020,ssp2,4.1,3.2,0.7804878048780489
Tulare,2030,ssp2,4.1,2.6,0.6341463414634148
Tulare,2040,ssp2,4.1,3.8,0.926829268292683
Tulare,2050,ssp2,4.1,3.2,0.7804878048780489
Tulare,2060,ssp2,4.1,2.6,0.6341463414634148
Tulare,2070,ssp2,4.1,3.9,0.951219512195122
Tulare,2080,ssp2,4.1,1.7,0.41463414634146345
Tulare,2090,ssp2,4.1,0.7,0.17073170731707318
Tulare,2100,ssp2,4.1,0.8,0.19512195121951223
Tulare,2010,ssp5,4.1,4.1,1
Tulare,2020,ssp5,4.1,4.5,1.0975609756097562
Tulare,2030,ssp5,4.1,5,1.2195121951219514
Tulare,2040,ssp5,4.1,6.6,1.6097560975609757
Tulare,2050,ssp5,4.1,7,1.707317073170732
Tulare,2060,ssp5,4.1,6.8,1.6585365853658538
Tulare,2070,ssp5,4.1,6.6,1.6097560975609757
Tulare,2080,ssp5,4.1,5.6,1.3658536585365855
Tulare,2090,ssp5,4.1,5.2,1.2682926829268295
Tulare,2100,ssp5,4.1,3.4,0.8292682926829269
Tuolumne,2010,ssp2,1.3,1.3,1
Tuolumne,2020,ssp2,1.3,0.2,0.15384615384615385
Tuolumne,2030,ssp2,1.3,0,0
Tuolumne,2040,ssp2,1.3,0,0
Tuolumne,2050,ssp2,1.3,0,0
Tuolumne,2060,ssp2,1.3,0,0
Tuolumne,2070,ssp2,1.3,0,0
Tuolumne,2080,ssp2,1.3,0,0
Tuolumne,2090,ssp2,1.3,0,0
Tuolumne,2100,ssp2,1.3,0,0
Tuolumne,2010,ssp5,1.3,1.3,1
Tuolumne,2020,ssp5,1.3,0.4,0.3076923076923077
Tuolumne,2030,ssp5,1.3,1.2,0.923076923076923
Tuolumne,2040,ssp5,1.3,1.4,1.0769230769230769
Tuolumne,2050,ssp5,1.3,1,0.7692307692307692
Tuolumne,2060,ssp5,1.3,1.3,1
Tuolumne,2070,ssp5,1.3,2.1,1.6153846153846154
Tuolumne,2080,ssp5,1.3,2.7,2.076923076923077
Tuolumne,2090,ssp5,1.3,1.9,1.4615384615384615
Tuolumne,2100,ssp5,1.3,1.9,1.4615384615384615
Ventura,2010,ssp2,3.4,3.4,1
Ventura,2020,ssp2,3.4,1.9,0.5588235294117647
Ventura,2030,ssp2,3.4,1.9,0.5588235294117647
Ventura,2040,ssp2,3.4,1.7,0.5
Ventura,2050,ssp2,3.4,1.2,0.35294117647058826
Ventura,2060,ssp2,3.4,1,0.29411764705882354
Ventura,2070,ssp2,3.4,1.5,0.4411764705882353
Ventura,2080,ssp2,3.4,0.4,0.11764705882352942
Ventura,2090,ssp2,3.4,0.4,0.11764705882352942
Ventura,2100,ssp2,3.4,0,0
Ventura,2010,ssp5,3.4,3.4,1
Ventura,2020,ssp5,3.4,3.6,1.0588235294117647
Ventura,2030,ssp5,3.4,3.8,1.1176470588235294
Ventura,2040,ssp5,3.4,2.8,0.8235294117647058
Ventura,2050,ssp5,3.4,3.5,1.0294117647058825
Ventura,2060,ssp5,3.4,3.3,0.9705882352941176
Ventura,2070,ssp5,3.4,3.3,0.9705882352941176
Ventura,2080,ssp5,3.4,4.3,1.2647058823529411
Ventura,2090,ssp5,3.4,3.3,0.9705882352941176
Ventura,2100,ssp5,3.4,3,0.8823529411764706
Yolo,2010,ssp2,0.4,0.4,1
Yolo,2020,ssp2,0.4,0.8,2
Yolo,2030,ssp2,0.4,0.2,0.5
Yolo,2040,ssp2,0.4,0.1,0.25
Yolo,2050,ssp2,0.4,0.1,0.25
Yolo,2060,ssp2,0.4,0.1,0.25
Yolo,2070,ssp2,0.4,0.2,0.5
Yolo,2080,ssp2,0.4,0.2,0.5
Yolo,2090,ssp2,0.4,0.1,0.25
Yolo,2100,ssp2,0.4,0,0
Yolo,2010,ssp5,0.4,0.4,1
Yolo,2020,ssp5,0.4,0.5,1.25
Yolo,2030,ssp5,0.4,0.6,1.4999999999999998
Yolo,2040,ssp5,0.4,0.4,1
Yolo,2050,ssp5,0.4,0.6,1.4999999999999998
Yolo,2060,ssp5,0.4,0.5,1.25
Yolo,2070,ssp5,0.4,0.6,1.4999999999999998
Yolo,2080,ssp5,0.4,0.4,1
Yolo,2090,ssp5,0.4,0.5,1.25
Yolo,2100,ssp5,0.4,0.4,1
Yuba,2010,ssp2,0.5,0.5,1
Yuba,2020,ssp2,0.5,1.6,3.2
Yuba,2030,ssp2,0.5,2.8,5.6
Yuba,2040,ssp2,0.5,3.1,6.2
Yuba,2050,ssp2,0.5,1.8,3.6
Yuba,2060,ssp2,0.5,1.8,3.6
Yuba,2070,ssp2,0.5,2.1,4.2
Yuba,2080,ssp2,0.5,1.9,3.8
Yuba,2090,ssp2,0.5,0.9,1.8
Yuba,2100,ssp2,0.5,1.1,2.2
Yuba,2010,ssp5,0.5,0.5,1
Yuba,2020,ssp5,0.5,0.4,0.8
Yuba,2030,ssp5,0.5,0.9,1.8
Yuba,2040,ssp5,0.5,1.8,3.6
Yuba,2050,ssp5,0.5,1.6,3.2
Yuba,2060,ssp5,0.5,2.3,4.6
Yuba,2070,ssp5,0.5,2.8,5.6
Yuba,2080,ssp5,0.5,3.3,6.6
Yuba,2090,ssp5,0.5,2.3,4.6
Yuba,2100,ssp5,0.5,2.1,4.2
